Job_Index;Job_Title;Company_Name;Job_Location;Tasks;Skills
1;Senior Consultant - Consulting - Data Management & Governance;EY (Ernst & Young AG);Zurich;You will work on Data Governance and Data Management topics on a project basis, for and in collaboration with customers throughout Switzerland and internationally. | You will work for interesting national and international organizations in various domains such as Supply Chain, Finance, Risk, etc. and across various sectors like Life Sciences, Consumer Products & Retail, etc. | You will learn through knowledge sharing, trainings and on the job experiences. | You will contribute to develop new propositions and innovative solutions that are responsive to market needs. | You will support in growing the Data Strategy, Management and Governance team.;Hold a master's degree with a minimum of three years' experience in Data Management, including Data Strategy, Data Governance, Master Data Management, Metadata Management, and Data Quality. | Proven track record in implementing data governance frameworks (e.g., DAMA, DCAM, CMMI, COBIT) and performing maturity assessments. | Proficiency with Master Data Management Software (e.g., SAP MDG, Reltio, SAS) and data governance tools (e.g., Collibra, Informatica). | Experience with cloud platforms such as Azure, AWS, Google Cloud is highly desirable. | Exhibit a flexible, proactive approach, with excellent team collaboration and communication skills. | Business fluency in both English and German is required. | A keen interest or background in AI and data analytics is advantageous.
2;Data/BI Engineer 80-100% (m/w);Komax Group;6036 Dierikon;Entwickeln einer neuen Datenplattform mit MS Fabric zusammen mit dem BI & Analytics Team | Aufnahme und Definition der Daten-Anforderungen gemeinsam mit den Fachbereichen | Übersetzung fachlicher Anforderungen in technische Konzepte und Lösungen | Definition und Pflege von Data Products und deren Beschreibung im Data Catalog | Etablierung und Weiterentwicklung von Standards für Data Governance, Data Security und Data Quality | Unterstützung und Support der Fachbereiche bei der Nutzung von Power BI | Anleitung und Enablement der Analytics-Spezialisten in den Fachbereichen | Zusammenarbeit mit Data Engineers zur Sicherstellung der Datenverfügbarkeit und -qualität im Data Lakehouse (Microsoft Fabric) | Visualisierung und Analyse von Daten zur Ableitung von Handlungsempfehlungen;Abgeschlossenes Studium in Wirtschaftsinformatik, Data Science, Statistik oder vergleichbare Qualifikation | Ausgeprägte analytische Fähigkeiten und Kommunikationsstärke | Erfahrung in der Arbeit mit modernen Datenplattformen und Data Governance Frameworks | Kenntnisse in Microsoft Fabric, Power BI, Azure oder vergleichbaren Technologien von Vorteil | Erfahrung in der Zusammenarbeit mit Fachbereichen und im Requirements Engineering | Verständnis für Datenqualität, Datenschutz und Informationssicherheit
3;Praktikant/in Lage- und Nachrichtenzentrum mit Fokus in Data Science (m/w/d) - befristet für 6 - 12 Monate;Kanton St. Gallen;St.Gallen;Konzeption und Aufbau von Data Pipelines (Erfassung bis Visualisierung) | Entwicklung interaktiver Reports | Optimierung unseres Daten-Ökosystems (Architektur, Performance & Usability) | Dokumentation der reibungslosen Betriebsübernahme;Studium mit Bezug zur Aufbereitung und Auswertung von Daten (z.B. Data Science, Data Analytics, Data Engineering, Wirtschaftsingenieurswesen mit Vertiefung Datenanalyse, usw.) | Oder anderweitige Aus- oder Weiterbildung mit starkem Interesse an der Arbeit im Sicherheitsbereich bzw. in den polizeilichen Tätigkeiten in Kombination mit ausgeprägtem technischem Verständnis | Idealerweise Kenntnisse von Workflowsoftware, Pipeline- und Analysetools sowie versierter Umgang mit Docker | Freude an der Verbesserung von Arbeitsabläufen | Hohe Eigenmotivation und Selbständigkeit
4;Software Development Engineer;Bühler AG;Uzwil;You develop, validate, and deploy predictive and prescriptive models in agile software projects (Python, KQL) | You create physics-informed models to fuse process knowledge with data-driven insights. | You are responsible for the development and life cycle of containerized Data Models to run on an Azure Cloud environment | You are responsible for constant code reviews and creation of tests | You enjoy continuous, pro-active collaboration with the project management and cloud platform department in interdisciplinary projects;BSc. or MSc. in Data Science, Software Engineering, Electrical/Control Engineering, Applied Mathematics, Statistics, or related field | Proficiency in programming languages (Python), machine learning, statistical analysis | English spoken and written (atleast B2) | Experience in agile working principles, DevOps, GIT | Strong problem-solving abilities and the capacity to think critically about data and identify relevant questions to ask
5;Research Software Engineer;ETH Zürich;Zürich;"Master or PhD degree in computational sciences or related field such as physics, bioinformatics, computer science, etc.; | good understanding of the fundamentals of natural sciences, numerical methods and scientific programming; | mastery of Python and 2-3 other programming languages (e.g., C/C++, R, Julia, Rust) and knowledge of object-oriented programming and software design; | hands-on experience in full stack web development (back- and front-end) and corresponding web frameworks (e.g., FastAPI, Django); | experience in applying best practices in scientific programming (e.g., automated testing and version control) and container technology (e.g., Docker); | proficiency with the command line and the Linux compute environment. | Motivation letter; | CV; | Diplomas and work certificates; | Contact information of at least two references.";"experience in application deployment, operation and maintenance on Kubernetes clusters, virtual machines or cloud environments; | hands-on experience with HPC clusters (e.g. Slurm), optimization and parallelization or GPU computing (e.g., Dask, ipyparallel) and with the usage of workflow managers (e.g., Snakemake, Nextflow, etc.)."
6;Machine Learning Engineer – Personalization & Recommendations (a);Consult & Pepper AG;Neuchâtel (Hybrid);"Application Layer Development
Design and build the foundation of Aktiia’s next-generation recommendation engine together with a cross-functional software team (~20 engineers). | Dynamic User Modeling
Develop evolving user profiles that adapt continuously as new data and interactions are integrated. | Insight Generation
Transform raw signals into clear, personalized, and engaging user-facing experiences. | Cross-Domain Adaptation
Leverage proven methods from recommendation-heavy domains (e.g. travel, streaming, commerce) and adapt them to digital health. | End-to-End Ownership
Drive projects from prototyping and experimentation through testing, deployment, and iteration in production. | Collaboration
Work closely with product, data science, and engineering teams to ensure solutions are robust, user-friendly, and aligned with business goals. | Pioneering Role
Help Aktiia apply recommender system principles in a new domain, shaping something that has not been built before.";"Academic Background
PhD or MSc in Informatics, Mathematics, Physics, Biology,Data Science, Signal Processing or related field. | Professional Expertise
4+ years of experience building and deploying recommendation systems in production, with expertise in personalization, clustering, and recommendation logic.
Proven track record generating user-facing insights and iterating recommendation models at scale. Knowledge of reinforcement learning and its application to personalization and recommendation systems. | Technical Experience
Strong programming skills in Python with hands-on experience in modern ML/AI frameworks. Skilled in building, validating and deploying ML models. Familiar with data pipelines, cloud and best engineering practices. Experience with large language models (LLMs), including practical use of open-source models, RAG, embeddings, and fine-tuning. | Industry Fit
Preferred background in recommendation-driven industries such as travel, streaming, e-commerce, advertising or digital marketing. Ideally from start-ups or mid-sized companies with end-to-end system ownership. | Language Skills
English at highly proficient level is a must. French, German or Italian are advantageous. | Personality
Hands-on, execution-driven product builder with strong ownership, accountability, and customer focus. On top you are a strong team player!"
7;Supply Chain Analyst;Vorwerk International & Co. KmG;Wollerau;Develop and visualize relevant supply chain KPIs to drive operational excellence | Create user-friendly dashboards and reports (especially in Qlik) | Identify risks, weaknesses, and improvement opportunities through data analysis | Analyze and enhance existing processes in close collaboration with SCM, logistics, and related areas | Support the standardization and digitalization of control processes | Analyze and optimize interfaces between countries, logistics hubs, other company entities, and 3PL partners | Contribute to the further development of planning and control systems (e.g., SAP IBP) | Prepare ad-hoc analyses and present data-driven recommendations;Completed degree in Business, SCM, Data Science, or a related field | Experience in KPI and BI environments with strong analytical skills | Excellent understanding of end-to-end supply chain processes | Knowledge of SAP IBP/S/4HANA and BI tools such as Qlik is a plus | Basic SQL skills for working with data sources and creating efficient analyses (e.g., for | Qlik dashboards) | Experience in process management (Lean, Six Sigma, BPMN desirable) | Structured and conceptual way of working, with strong presentation skills | High self-motivation and potential, with willingness to take on leadership responsibilities in the medium term
8;Data & AI Lakehouse Engineer 80-100% m/w/d;Victorinox AG;Ibach-Schwyz;Entwerfen, implementieren und optimieren der Fabric-Lakehouse-Architektur inkl. ELT-Pipelines und Capacity-Management | Entwickeln, betreuen und performance-tunen komplexer Power BI-Datenmodelle und -Berichte in enger Abstimmung mit Fachbereichen | AI-Readiness schaffen: Datenprodukte für Machine-Learning- und Gen-AI-Use-Cases vorbereiten und erste Prototypen realisieren basierend auf der Fabric Lakehouse Plattform | Know-how-Transfer und Coaching innerhalb der BI-Community, um Best Practices für Fabric und Power BI im Unternehmen zu verankern | Sicherstellen von Datenqualität, Security und Compliance sowie Automatisierung von CI/CD-Workflows;Abgeschlossenes Studium in Informatik, Data Science oder vergleichbare Qualifikation | Erfahrung im Bereich Data-/BI-Engineering auf dem Microsoft Stack, davon mindestens 2 Jahre mit Azure und/oder Microsoft Fabric | Sehr gute Kenntnisse in DAX, Power Query, SQL, SparkSQL, Phython | Erfahrung mit modernen Data-Engineering-Tools | Interesse an AI-Technologien und deren praktischer Anwendung | Sehr gute Deutsch (C1/C2) - und Englischkenntnisse (C1/B2) | Analytisches Denken, Eigeninitiative und Freude an der Zusammenarbeit mit Fachbereich
9;Junior Quantitativer Analyst (w/m/d);Raiffeisen Schweiz;St. Gallen und/oder Zürich-Flughafen (The Circle);Du entwickelst und überprüfst statistische Modelle zur Risikoquantifizierung – von Kreditrisiko über Markt- bis hin zu operationellem Risiko | Du analysierst Daten, bereitest sie auf und unterstützt bei der Erstellung von quantitativen Auswertungen | Du bringst deine Ergebnisse auf den Punkt – und kommunizierst sie klar und verständlich an interne und externe Stakeholder | Du arbeitest eng mit Teams innerhalb und ausserhalb der Abteilung und des Bereichs zusammen;Abgeschlossenes Masterstudium an einer Universität mit quantitativem Fokus (Mathematik, Physik, Statistik, Data Science oder Naturwissenschaften) | Mind. 2 Jahre Berufserfahrung im Finanzumfeld | Kenntnisse in Finanzmathematik, Wahrscheinlichkeitstheorie und Statistik - idealerweise mit Anwendung im Kreditrisikokontext | Programmierkenntnisse in R oder Python, Grundkenntnisse in SQL, LaTeX und Git sind ein Plus | Neugier, Eigeninitiative und Motivation dich in komplexe Themen einzuarbeiten und Verantwortung zu übernehmen | Sehr gute Deutschkenntnisse werden vorausgesetzt
10;Teamleiter/in Data Engineering;Diartis AG;Lenzburg;Personelle und fachliche Führung des Teams Data Engineering (3 Personen) | Strategische Weiterentwicklung der Services unseres Teams (Datenmigration und Reporting) inkl. Mitwirkung an bereichsübergreifenden Boards | Selbstverantwortliche Arbeits- und Ressourcenplanung in Absprache mit unseren Projektleitenden | Sicherstellen der Pflege von Anleitungen und Dokumentationen | Umsetzung von AdHoc- und SSRS-Reports für interne und externe Stakeholder | Planung, Konzipierung und Durchführung von Datenmigrationen mit Kunden und Weiterentwicklung der Migrationsroutinen | Beratung und Unterstützung deiner Firmenkollegen und -kolleginnen in Sachen Reporting und SQL;Du hast Führungserfahrung und bist gerne mit Menschen unterwegs | Studium in Data Science / Studium in Business Intelligence (Bachelor oder Master) oder eine vergleichbare Ausbildung | Fundierte Erfahrung in Reporting und Datenanalyse (SSRS, T-SQL, Power BI) | Buchhaltungskenntnisse von Vorteil | Erfahrung mit Datenmigrationen und Datenbank-Funktionalitäten (SQL Server, SSIS) | Analytisch-vernetztes Denken, lernfreudige und kommunikative Persönlichkeit sowie strukturierte Arbeitsmethodik | Verhandlungssicheres Deutsch, Französisch von Vorteil
11;Einkäufer:in als Datenanalyst:in;Stadler Rail Schweiz AG;Bussnang;Analyse grosser Datenmengen aus der Beschaffung zur Identifikation von Trends und Mustern | Entwicklung innovativer Lösungen zur automatisierten Datenverarbeitung | Erstellung von Dashboards und Berichten zur Visualisierung von Ergebnissen | Unterstützung bei der Datenbereinigung und -aufbereitung | Unterstützung des Einkaufs bei strategischen Entscheidungen durch datengestützte Reports und Prognosen | Entwicklung von Materialkalkulationsmodellen unter Einbezug von Einkaufsinfosätzen;Abgeschlossenes Studium in Betriebswirtschaft, Data Science, Wirtschaftsinformatik oder einem vergleichbaren Bereich | Fundierte Berufserfahrungen im Einkauf | Erfahrung in der Analyse komplexer Beschaffungsprozesse und Materialkalkulationen | Kenntnisse in Analyse-Tools wie SQL, Excel, Power BI, R oder Python | Erfahrung mit SAP S/4HANA, insbesondere im Modul MM und Einkaufsinfosätzen | Ausgeprägtes analytisches Denkvermögen und hohe Zahlenaffinität | Kommunikationsstärke und die Fähigkeit, komplexe Sachverhalte verständlich zu vermitteln
12;Business Analyst Finanzsysteme (m/w/d);Naturenergie Hochrhein AG;Laufenburg;Perspektiven: Wachse mit uns – beruflich und persönlich. | Sinnhaftigkeit: Gestalte die Energiewende nachhaltig und wirksam. | Menschlichkeit: Erlebe ein vertrauensvolles Umfeld und echten Teamgeist. | Aktive Mitgestaltung der Weiterentwicklung unserer buchhalterischen Datenlandschaft und IT-Systeme im Hauptbuch | Gemeinsame Weiterentwicklung der zentralen Datenstrukturen (z. B. Sachkontenrahmen, Buchungskreise, automatisierte Buchungen) mit Kollegen | Beitrag zur Sicherstellung der Datenqualität und Steuerung buchhalterisch relevanter Datenflüsse | Unterstützung bei der Digitalisierung und Automatisierung von Finanzprozessen | Förderung der Zusammenarbeit zwischen Rechnungswesen, IT und BI in bereichsübergreifenden Projekten | Mitwirkung an Projekten, digitalen Lösungen und Dateninitiativen | Mithilfe bei der Etablierung moderner Reporting- und Analysemethoden im Finanzbereich | Abgeschlossenes Studium der Wirtschaftsinformatik, Betriebswirtschaft mit IT-Schwerpunkt, Data Science, (Wirtschafts-)Mathematik oder eine vergleichbare Qualifikation | Erste Erfahrung im Umgang mit ERP-Systemen (idealerweise SAP FI) und Interesse an der Arbeit an Finanzdaten und -prozessen | Freude am Umgang mit Daten sowie idealerweise Berührungspunkte mit Tools wie Excel, Power BI oder SQL | Interesse an buchhalterischen Abläufen sowie die Bereitschaft, sich in Themen wie Buchhaltungsprozesse und Datenflüsse einzuarbeiten | Strukturierte, analytische Denkweise und Begeisterung für Digitalisierung und Weiterentwicklung | Teamgeist, Kommunikationsstärke und Freude an der Zusammenarbeit mit unterschiedlichen Fachbereichen und der IT;no skills found on this job ad
13;UAS Professor in Food process engineering and technology (80-100%);Haute Ecole d'Ingénierie;1950 Sion;Teach food processing, process data analysis and modelling | Establish and develop an externally funded research program | Establish and maintain a network with industry professionals for the benefit of the Bachelor’s and Master’s degree programs and research;PhDinFood Science and Technology or similar, a combination with Data Science is an asset | Specialised in food process engineering and technology for sustainable nutrition | Experience in data-driven modelling of processes, e.g. digital twins, machine learning | Experience with pilot scale experimental work and sensor technology is a plus | Industrial experience in a relevant field is an asset | Demonstrated R&D project management experience | Excellent communication, interpersonal skills and ability to work in a team | Fluent inEnglish with proficiency in French, knowledge of German is a welcome addition
14;Scientist – DNA Nanotechnology (m/f/d);arcoris bio AG;Schlieren;Design, optimize, and validate DNA nanostructures for biomarker detection. | Apply DNA nanotechnology to tissue- and solution-based assays (IHC, RNA ISH, ELISA, FACS). | Perform bioconjugation of oligonucleotides with proteins, peptides, and other biomolecules. | Purify and analyze oligonucleotides and conjugates (by chromatography, electrophoresis). | Collaborate with product and application teams to translate R&D findings into usable solutions. | Document, interpret, and present experimental data.;Ph.D. in Bioengineering, Biochemistry, Chemistry, Molecular Biology, or a related field. | Hands-on experience in DNA nanotechnology (DNA origami or related methods) | Practical expertise in bio-conjugation techniques | Strong track record of experimental design, troubleshooting, and data interpretation.
15;Senior Data Developer (all);BKW Energie AG;Bern;You take ownership of developing and migrating data applications to ensure quality, reliability and resilience | Legacy applications are refactored by you into scalable, maintainable, and efficient solutions, using objected-oriented designs | You design robust architectures, data models, and pipelines that guarantee consistent analytics and reporting | Our modern toolchain with Snowflake, Azure DevOps, Kestra, and Python environments is configured and operationalized by you in a structured way | You support colleagues during the transition to new platforms and provide methodical guidance to strengthen best practices | Shared libraries and reusable components you build make project delivery more productive;A Bachelor's or Master's degree in Computer Science, Data Science or a related field forms the foundation of your expertise | You bring at least five years of experience in building large data applications and are well-versed in Python, SQL, cloud data platforms, with ML/AI practices a plus | With your advanced skills in Snowflake, Azure DevOps and Git, you can plan, control, and verify complex development processes | You have a solid understanding of financial or energy trading markets and risk metrics and can apply them reliably in data solutions | You are comfortable setting up semantic models and creating efficient dashboards and analytics with Looker, making insights precise and actionable | You bring an innovative and collaborative mindset, turning new ideas into reality from scratch
16;Marketing Technology & Automation Specialist (m/w/d) 80-100%;Spotted by jobs.ch;Urdorf;Verständnis der Marketing-Technologielandschaft und Integration von Marketing-Automatisierungsplattformen mit ERP- und CRM-Systemen | Fehlerbehebung und Lösung technischer Probleme im Zusammenhang mit Marketing- Automationsplattformen | Ausbau der Marketing Applikationslandschaft | Definition zukunftsfähiger Sales- & Marketingprozesse unter Berücksichtigung der IT-technischen Machbarkeit | Integration der Salesforce Marketing Cloud zur Sicherstellung des reibungslosen Datenflusses zwischen CRM-, CMS-, ERP-, PIM- und Marketing-Automatisierungssysteme | Umsetzung von Use-Cases zur Automatisierung von E-Marketing Aktivitäten | Steigerung der personalisierten Kundenansprache durch Implementierung personalisierter Kampagnen auf Basis von Kundendaten- und verhalten | Überwachung und Optimierung der Marketing-Kampagnen basierend auf Performance KPIs | Zusammenarbeit mit dem Produktmarketing zur effizienten Nutzung von Automatisierungsplattformen;"Berufserfahrung: ca. 5 Jahre in relevanten Bereichen | Abschluss in Informatik, Statistik / Data Science, Wirtschaftsinformatik oder ähnlichem | IT-Kenntnisse in Automatisierungstools wie Salesforce, HubSpot, Marketo; CRM-Systeme (Salesforce, Microsoft Dynamics); CMS-Systeme (Typo3, WordPress) | Kenntnisse in HTML/CSS und Webtechnologien sowie praktische Kenntnisse von APIs für Integrationszwecke (präferiert) | Erfahrung mit Datenanalyse, A/B-Tests und Optimierung von Marketingkampagnen | Vertrautheit mit Analyseplattformen (z. B. Piwik Pro, Google Analytics) und Marketing-Reporting-Tools | Sonstige Kenntnisse: SEO / SEM & digitale Marketingkanäle | Weiterbildung im Bereich (e-)Marketing stark von Vorteil | Fliessende Deutsch und Englisch Kenntnisse"
17;Application Scientist – Assay Development & Technical Support;arcoris bio AG;Schlieren;"Develop, optimize, and validate biomarker assays, with a focus on IHC, multiplex Immunofluorescence, and RNA FISH. | Collaborate with product managers and R&D scientists to translate laboratory insights into product improvements. | Acquire and analyze microscopy images; apply image analysis and computer vision tools for biomarker quantification. | Provide technical support and training to customers, collaborators, and internal teams. | Assist with data interpretation, presentation, and communication of results to diverse audiences. | Contribute to scientific documentation, application notes, and training materials.";"M.S. or Ph.D. in Molecular Biology, Biochemistry, Bioengineering, or a related discipline. | Hands-on experience with IHC, mIF, and/or RNA FISH is essential. | Hand on experience with bio-conjugation techniques is a strong plus. | Familiarity with image analysis software (e.g., ImageJ/Fiji, QuPath, CellProfiler); experience with computer vision techniques is a plus. | Experience working with ELNs."
18;HR-Controller/in;Kantonale Verwaltung Zürich;Zürich;Fachhochschulabschluss in Accounting & Controlling, Betriebsökonomie, Data Science oder einer vergleichbaren Fachrichtung | Mehrjährige Erfahrung in einer ähnlichen Funktion sowie ausgewiesene Expertise im Daten- und Projektmanagement | Fundierte Kenntnisse im SAP Organisationsmanagement | Stilsicheres Deutsch in Wort und Schrift | Analytisches Denkvermögen, präzise Arbeitsweise und ausgeprägte Beratungskompetenz | Sicherer Umgang mit MS-Office, insbesondere Excel | Motivation für ein vielseitiges und verantwortungsvolles Tätigkeitsfeld;eine attraktive Position mit hoher Selbständigkeit und Gestaltungsspielraum | ein engagiertes Team, das Kollegialität und Humor lebt | Büroräumlichkeiten in Oerlikon (ab Frühling 2026 Umzug an die Ausstellungsstrasse in Zürich) und die Möglichkeit, auch in den eigenen vier Wänden zu arbeiten und noch einiges mehr...
19;Data Scientist 80 - 100 % (w/m/d);Hamilton Bonaduz AG;Bonaduz;Durchführung von AI-Studien und Umsetzung von Projekten über verschiedene Use Cases im Liquid Handling und in der Laborautomatisierung | Zusammenarbeit mit Product und Process Owners sowie Data und Domain Experts, um Anforderungen zu klären und Deliverables passgenau zuzuschneiden | Design von Machine Learning-Lösungen und zügiger Aufbau funktionsfähiger Prototypen. | Definition robuster Validierungs- und Benchmarking-Strategien | Unterstützung der Integration von Lösungen in Hamiltons Produkte, Services und Prozesse, indem Pilot Code zu deploybaren Software Artefacts gehärtet wird | Effektive Zusammenarbeit in einer Matrix Organisation und aktive Beiträge zum Knowledge Sharing innerhalb unserer AI Expert Group;Relevanter Hochschulabschluss (Master's/PhD) in Computer- oder Data Science, Mathematik, Ingenieurwesen oder einem verwandten Fachgebiet mit Fokus auf Machine Learning | Industriehintergrund und/oder Berufserfahrung in Software Development und Productisation. | Fundierte Kenntnisse in Data Structures und Data Modelling unter Nutzung fortgeschrittener Methoden in Machine Learning, Deep Learning, Reinforcement Learning, NLP und/oder Optimisation Techniques. | Erfahrung in der Anwendung von State-of-the-Art-Methoden auf Time-Series und/oder Text Data für industrielle Use Cases (z. B. Sensor Signal Processing, Condition Monitoring, Machine Calibration, Predictive Maintenance, Simulation-based Modelling). | Fähigkeit, sowohl selbstständig als auch in Cross-functional Projektteams zu arbeiten, mit einem Hands-on-Ansatz zur Problemlösung. | Ausgeprägte interdisziplinäre Kommunikations- und Collaboration Skills.
20;Risk Manager (m/w/d);MF Group AG;St. Gallen;das aktive Monitoring und die eigenständige Analyse von Dashboards und Reports zur Erkennung relevanter Entwicklungen sowie das fundierte Interpretieren von KPIs im Kontext des Risikomanagements | die Durchführung von Detailanalysen bei Auffälligkeiten, das Erkennen von Ursachen und Mustern sowie das Ableiten fundierter Handlungsempfehlungen | das Erstellen regelmässiger Reports und KPIs, um Risikotrends und -entwicklungen für das Management und weitere Stakeholder sichtbar zu machen | die Unterstützung bei der Pflege und Weiterentwicklung interner Richtlinien, Arbeitsanweisungen und Monitoring-Prozesse | die Mitarbeit an der Weiterentwicklung unserer Tools, zum Beispiel durch die Automatisierung wiederkehrender Aufgaben mit Excel, SQL oder Python;"einem abgeschlossenen Studium in Wirtschaft, Finanzen, Mathematik, Informatik, Data Science oder einer vergleichbaren Fachrichtung | mindestens 1-3 Jahren Berufserfahrung im Risikomanagement, in der Datenanalyse, im Bereich Compliance, Fraud Prävention oder in einem ähnlichen Umfeld | sehr guten Kenntnissen in SQL und/oder Python zur Analyse und Weiterverarbeitung grosser Datenmengen | Erfahrung im Konzipieren und Erstellen von Dashboards, idealerweise mit gängigen Visualisierungstools wie Tableau oder Microsoft Power BI | fundierten Computerkenntnissen sowie exzellentem Umgang mit Microsoft Excel | sehr guten Englischkenntnissen; Italienischkenntnisse sind ein zusätzliches Plus"
21;Internal Auditor (Senior/Manager);SICPA;Prilly;no tasks found on this job ad;no skills found on this job ad
22;Doktorandin / Doktorand Investment Management 70%;Hochschule Luzern;Rotkreuz;Sie erarbeiten eine Dissertation (Monographie oder kumulative Dissertation) im Fachgebiet Investment Management (z.B. für Banken, Pensionskassen). | Sie arbeiten inhaltlich und konzeptionell an praxisorientierten Forschungs- und Beratungsprojekten und verfassen Berichte und Publikationen. | Sie erstellen und implementieren Prototypen. | Die Betreuung von studentischen Arbeiten ergänzt Ihr Tätigkeitsfeld. | Sie unterstützen bei der Gestaltung, Durchführung und Evaluation unserer Weiterbildungsangebote. | Sie haben die Möglichkeit, erste Erfahrungen in der Lehre zu sammeln.;Sie verfügen über einen sehr guten Hochschulabschluss mit Bezug zum Thema. | Eine bereits erfolgte Zulassung zur Promotion an einer Universität ist von Vorteil. | Sie haben Interesse und idealerweise praktische Erfahrung oder Forschungserfahrung in den Fachgebieten Wealth und Asset Management. | Ihre ausgewiesenen Fach- und Methodenkompetenzen sowie sehr guten analytische Fähigkeiten erleichtern Ihnen den Einstieg. | Sie kommunizieren stilsicher in Deutsch und Englisch. | Sie verfügen über solide Informatik- und quantitative Methodenkenntnisse.
23;Wissenschaftliche/r Assistent/in;OST - Ostschweizer Fachhochschule;Rapperswil;Du unterstützt die Professorinnen und Professoren bei der Erfüllung von Aufgaben in den Bereichen Lehre, Forschung, Dienstleistung und Weiterbildung | Unterstützung bei der Organisation und Durchführung von Entwurfs-, Projekt- und Fachmodulen | Du stehst den Verantwortlichen bei der Vorbereitung, Durchführung und Nachbereitung von Lehrveranstaltungen unterstützend zur Seite | Du hilfst bei administrativen Aufgaben in der Lehre (Landschaftsarchitektur, Materialbereitstellung, Terminkoordination) mit;Eine Ausbildung in Landschaftsarchitektur oder Architektur (Master oder Bachelor FH) | Zwei Jahre funktionsrelevante Berufserfahrung | Organisationsgeschick und gute Kenntnisse in Projektabläufen | Ausgeprägte Kommunikationsfähigkeiten, hohes Verantwortungsbewusstsein und starke Teamorientierung | Analytische Fähigkeiten und systemisches Denken | Versierte MS-Office-Anwenderkenntnisse, vertiefte Kenntnisse in der CAD-Anwendung und Adobe Creative Suite | Erfahrung in der Anwendung von KI im Bereich LLM / Administration | Sichere mündliche und schriftliche Ausdruckfähigkeit in der deutschen Sprache (u.a. Protokollführung, Erstellung von Unterrichtsmaterialien)
24;Visitor Program & Community Manager (80 - 100%);EMPA;Dübendorf;Sie sind verantwortlich für das Besucherprogramm der Empa für (inter-)nationale Delegationen aus Wissenschaft, Wirtschaft, Behörden und Politik sowie für allgemeine Besuchergruppen inkl. individueller Programmkonzeption und Organisation der Besuche und Kurzeinführung in die F&E-Aktivitäten der Empa. Zudem führen Sie die Gruppen durch die Labors und die Leuchtturm-Plattformen der Empa wie NEST, etc. | Sie sind verantwortlich für den Ausbau bestehender und den Aufbau neuer Communities (z.B. Friends of Empa). Dies umfasst u.a. die Pflege und die inhaltliche Weiterentwicklung bestimmter Online- und Offline-Kanäle, über die Sie die entsprechenden Communities bzw. Netzwerke betreuen, auf- und ausbauen, z.B. Social Media, aber auchlive über entsprechende Anlässe, die Sie selbst konzipieren und mitorganisieren. | Sie erstellen zielgruppengerechte Inhalte: Kurztexte, Kurzvideos, Fotos, interaktive Inhalte. | Sie nutzen CRM-Systeme, um Community-Daten zu pflegen, Kontakte systematisch zu verwalten und Kommunikationsmassnahmen gezielt zu steuern, und überwachen die Wirkung Ihrer Massnahmen anhand von Kennzahlen (z.B. Mitgliederentwicklung, Engagement, Reichweite) und leiten daraus Ideen für die Weiterentwicklung ab. | Sie identifizieren Trends im Community Management und bringen innovative Formate und Tools ein. | Mind. fünf Jahre relevante Berufserfahrung | Sehr gutes Verständnis von integrierter Kommunikation im On- und Offline-Bereich und im Community Building & Management sowie vertiefte Kenntnisse im Umgang mit ICT-Tools (CRM, CMS, Event-Management- und Mailing-Tools) | Freude und Interesse am Austausch mit Menschen und keine Scheu vor öffentlichen Auftritten | Interesse an und Flair für Wissenschaft, Technologie und Innovation | Kreative, offene, kommunikative und selbständige Persönlichkeit mit vernetztem Denken und mit sehr guten konzeptionellen, organisatorischen und koordinierenden Fähigkeiten | Hohe Sozialkompetenz, Teamfähigkeit, Kollegialität, Durchsetzungsvermögen und ausgeprägte Dienstleistungsorientierung | Neugierde, schnelle Auffassungsgabe, Stressresistenz, Flexibilität und Begeisterungsfähigkeit | Sehr gute Deutsch- und Englisch-Kenntnisse | Idealerweise Erfahrung im Forschungs-/Hochschulbereich, z.B. (Fach-)Hochschulstudium im Bereich Kommunikation bzw. in nat.-wiss./techn. Richtung;no skills found on this job ad
25;Web Analytics & Insights Specialist (60-100%);Gonser AG;Hergiswil;Fachliche Verantwortung, Betreuung und Weiterentwicklung des gesamten Webtrackings (insb. Google Analytics) in Zusammenarbeit mit unserer Webentwicklungsagentur | Analyse von Nutzerverhalten, Marketingmassnahmen und Customer Journeys | Planung, Durchführung und Auswertung von A/B-Tests zur Optimierung der Performance | Entwicklung und Erstellung von Reportings und interaktiven Dashboards für verschiedene Stakeholder | Aufbau von Analyse- und Monitoring-Prozessen inkl. KPI-Alerts | Identifikation von Trends und Optimierungspotentialen anhand von Wettbewerbs- und Marktanalysen | Kontinuierlicher Ausbau der Analyseinfrastruktur und Integration neuer Datenquellen | Mitgestaltung und Mitwirkung bei laufenden E-Commerce- und Webshopprojekten;Abgeschlossenes Studium in einem relevanten Bereich wie Wirtschaftsinformatik, BWL, Digital Marketing oder Data Science | Mindestens 2 Jahre Erfahrung in vergleichbaren Rollen wie Business Analyst, Web-Analyst oder im digitalen Marketing, idealerweise im E-Commerce Umfeld | Fundierte Erfahrung mit gängigen Analyse-Tools (Google Analytics, Power BI, Hotjar), Tracking Technologien (Google Tag Manager) und A/B-Testing Plattformen (z.B. Kameleoon) | Grundkenntnisse in HTML, CSS, JavaScript oder SQL von Vorteil | Ausgeprägtes analytisches und konzeptionelles Denken sowie technische Affinität | Verständnis für E-Commerce Mechanismen und Online-Kundenerlebnisse (z.B. Conversion Funnel, Einflussfaktoren auf Kaufentscheidungen) | Gute Deutschkenntnisse, Englisch von Vorteil | Kommunikationsstärke und Freude an interdisziplinärer Zusammenarbeit
26;Wissenschaftliche:r Mitarbeiter:in Verkehrsmodellierung 80 %;ZHAW;Winterthur;Sie übernehmen selbstständig die Leitung und Umsetzung von spannenden nationalen und internationalen Forschungs- und Dienstleistungsprojekten im Bereich Smart Mobility und Verkehrssysteme - darunter das laufende EU-Projekt moveo, das innovative Mobilitätslösungen in realen Demonstratoren erprobt. | Sie entwickeln innovative Modellierungsstrategien und methodische Ansätze zur Analyse und Optimierung des Mobilitätsverhaltens - mit Schwerpunkt auf Strassenverkehrstechnik und multimodale Systeme. | Sie arbeiten an der Schnittstelle zwischen universitärer Forschung und praktischer Umsetzung und bringen Ihre Expertise aktiv in interdisziplinäre Projektteams ein. | Sie haben die Möglichkeit, wissenschaftliche Publikationen zu verfassen und sich an internationalen Konferenzen zu beteiligen. | Sie unterstützen die Betreuung und Ausbildung von Assistierenden in angewandten Forschungs- und Entwicklungsprojekten. | Sie betreuen Studierende bei Bachelor- und Masterarbeiten und begleiten sie fachlich während ihrer Abschlussprojekte.;Sie verfügen über einen Hochschulabschluss oder ein vergleichbares Qualifikationsniveau in einem für das Thema relevanten Bereich | Sie bringen eine Dissertation im Bereich Verkehrsmodellierung mit | Sie arbeiten analytisch, strukturiert und präzise und bringen sehr gute mathematische Fähigkeiten mit | Sie bringen umfangreiches und breites Fachwissen im Bereich der quantitativen Methoden in Planung und Betrieb von Mobilitätssystemen mit | Sie haben Freude an wissenschaftlicher Betreuung und unterstützen Studierende kompetent und motivierend bei Projekt-, Bachelor- oder Masterarbeiten. | Sie bringen sehr gute Kenntnisse in Deutsch und Englisch mit
27;Data Architekt;Safeguard Global;Thun, Berne, Schweiz;"Architect the future: Plan, design, and manage end-to-end data architecture for space missions | Model with purpose:  Create data models and storage structures to handle vast, complex datasets | Integrate intelligence:  Connect satellite, ground station, and other mission-critical data sources | Own the lifecycle: Oversee the integrity and usability of data from acquisition to archival | Secure and comply:  Ensure high standards of data security, privacy, and compliance | Scale for the stars:  Build infrastructure ready to grow with increasing data volume and mission complexity | Always-on performance:  Design for high availability, reliability, and performance | Govern smartly:  Define access policies and safeguards to prevent misuse | Collaborate across galaxies:  Work closely with fellow system and enterprise architects to align with broader mission goals | A degree in Computer Science, Data Science, or a related field | Several years of experience in data architecture, engineering, or data lifecycle management | Hands-on experience in space technology and Dev(Sec)Ops environments | A proactive mindset and strong self-management skills | Ability to think systemically and solve complex, cross-functional challenges | Excellent communication and stakeholder management skills | EU and/or Swiss work permit, with no entries in public registers (required for security clearance) | Fluent English (spoken and written); Very good knowledge of German";Comprehensive Pension Fund: Secure your future with our robust pension plan. | Flexible Working Hours: Enjoy the freedom to balance work and life with our adaptable schedules. | 13th Month Salary: Receive an extra month's salary as a bonus for your hard work and dedication. | Generous Paternity Leave: Spend quality time with your new family member with our extended paternity leave. | Private Medical Insurance: Stay healthy and worry-free with our top-tier private medical coverage.
28;Director Engineering & Technology;Brack.Alltron AG;Mägenwil;Gesamtverantwortung für das Engineering-Department mit den Bereichen Software Engineering und IT Operations (>100 Mitarbeitende) | Direkte Führung der Head of Engineerings, Software Architekten und Head of IT Ops Weiterentwicklung und Implementierung unserer IT-Strategie und Enterprise-Architektur | Treffen von Technologie-Entscheidungen zu Cloud-Lösungen, KI-Anwendungen, der System-Landschaft sowie Microservice-Architekturen | Sicherstellung des stabilen Betriebs unserer technischen Plattformen | Budget- und Ressourcenverantwortung für den Engineering-Bereich | Enge Zusammenarbeit mit dem CIO bei der strategischen Führung der IT-Abteilung | Förderung einer Kultur der Exzellenz, Innovation und kontinuierlichen Verbesserung;Hochschulabschluss in Informatik oder einem verwandten Bereich (Mathematik, Physik, Data Science) oder gleichwertige Erfahrung | Mindestens 5 Jahre Erfahrung als CTO oder in einer vergleichbaren leitenden Funktion in einem grösseren Unternehmen | Fundierte Kenntnisse in Enterprise-Architekturen, Cloud-Technologien, Microservices und KI-Anwendungen | Praktische Erfahrung als Software Engineer und mit modernen Sprachen | Nachweisbare Erfahrung in der Führung crossfunktionaler Teams und agiler Softwareentwicklung | Strategisches und analytisches Denken mit hoher Ergebnisorientierung | Empathische und integrative Führungspersönlichkeit mit Gespür für die Weiterentwicklung von Mitarbeitenden | Fliessende Deutsch- und Englischkenntnisse
29;MLOps Engineer 80 - 100% (w/m/d);LGT;Zürich;"Zusammenarbeit mit Data Scientists, Data Engineers und Architekten, um die Advanced Analytics & AI Plattform vor Ort und in der Azure-Cloud weiterzuentwickeln und zu skalieren | Zusammenarbeit mit Data Scientists, um Analytics/AI-Produkte zu produktisieren und an Endnutzer auszurollen | Sicherstellung der Sicherheit, Verfügbarkeit und Leistung der Advanced Analytics & AI Plattform | Implementierung und Verwaltung von Workflows für Continuous Integration (CI) und Continuous Delivery (CD) | Bereitstellung von Plattformunterstützung und Wartung | Bachelor-Abschluss oder höher in Informatik, Software Engineering, Systemadministration, Ingenieurwesen oder einem verwandten Fachgebiet oder eine gleichwertige Kombination aus Ausbildung und Erfahrung | 5+ Jahre Erfahrung als DevOps/MLOps Engineer in einer mittelgroßen bis großen IT-Organisation | 5+ Jahre Erfahrung in der Implementierung von Data-Science-Lösungen auf VPC, Azure oder AWS | Erfahrung mit GitLab, GitLab Pipelines und ArgoCD | Erfahrung mit Openshift, Kubernetes, S3 Storage und Python | Kenntnisse in IT-Sicherheitsarchitektur sind von Vorteil | Erfahrung in der Bereitstellung von LLM & ML Modellen | Flexible Arbeitsmodelle | Sabbaticals | Mindestens 25 Tage Jahresurlaub, abhängig vom Alter | Optionen für bezahlten Sonderurlaub | Mutterschafts- und Vaterschaftsurlaub, Möglichkeiten für zusätzlichen Elternurlaub | Subventionen für die Kindertagesstätte ""Villa Wirbelwind"" | Zusätzlicher Kinderbetreuungszuschuss für entgeltlich fremdbetreute Kinder bis 12 Jahre | Rabatte auf Bankprodukte und Dienstleistungen der LGT | Co-Investments bei der LGT | Rabatte auf Kranken- und Sachversicherungen | Pensionsplan mit individuellen Optionen | Verschiedene Initiativen zur Förderung der Mobilität/E-Mobilität | Anerkennung wichtiger Lebensereignisse | Wellness- und Gesundheitsprogramme | Bewegungs- und Sportprogramme | Wöchentlicher Obsttag und gesunde Mahlzeiten | Umkleideräume mit Duschen | Ruheräume | Interne Kurse | Externe Kurse an der Liechtenstein Academy | Unterstützung für externe Aus- und Weiterbildungen | Coaching- und Mentoring-Programme | Internationale Einsätze | Intrapreneurship-Programme";Ihr Team ist virtuell und hauptsächlich in Bendern, Liechtenstein, und Zürich, Schweiz, angesiedelt. | Sie arbeiten täglich mit Stakeholdern aus verschiedenen Standorten in APAC und Europa zusammen. | Hervorragende Kommunikationsfähigkeiten | Ausgeprägter Teamgeist | Wohlfühlen in einem schnelllebigen, agilen Umfeld
30;Projektleiter/-in Daten & Analyse;Bundesamt für Rüstung armasuisse;Bern;Anlaufstelle (SPOC) im Bereich Datenanalyse / Datenauswertungen für alle Stakeholder im Immobilienmanagement VBS | Bei der Durchführung von Auswertungen sowie bei der Optimierung von Datenanalysen beraten | Definition von Masterdaten, Datenmodellen, Datenkatalogen sowie Organisation von Datenströmen (Data Pipelines) und Datenschnittstellen sicherstellen | Umsetzungskonzepte und Projektaufträge für das Daten- und Informationsmanagement erstellen | Analyse-Infrastrukturen und -Werkzeugen konzipieren, realisieren und weiterentwickeln | Bei einer unternehmensweiten Datenarchitektur mitgestalten sowie bei der Weiterentwicklung des gesamten Daten- und Informationsmanagements mitarbeiten;Hochschulabschluss (Bachelor/Master) in Informatik, Wirtschaftsinformatik oder gleichwertige Ausbildung sowie Weiterbildung in Datenanalyse, Data Science oder ähnliches von Vorteil | Mehrjährige Erfahrung in der Auswertung von Daten, der Bearbeitung von Unternehmens- und öffentlichen Daten, der Erstellung von datengestützten Entscheidungsgrundlagen sowie der Aufbereitung von grafischen Informationen | Ausgewiesene Erfahrung in den Bereichen Big Data, Statistik & Machine Learning, Entwicklung von Datenprodukten, Datenschutz und Datensicherheit | Projektleitungserfahrung und Kenntnisse im Bereich IT-System und -Lösungsarchitekturen | Gute mündliche und schriftliche Kenntnisse einer zweiten Amtssprache setzen wir voraus. Mündliche Kenntnisse einer dritten Amtssprache sind von Vorteil
31;Lead AI & Product Engineer (B2B-Plattform, 100%);HOGALOG AG;Winterthur;Entwicklung KI-gestützter Produkte entlang strategischer Ziele, Nutzerbedürfnisse und technologischer Möglichkeiten. | Identifikation relevanter Use Cases und Konzeption konkreter Lösungsansätze mit Fokus auf Machine Learning und Künstlicher Intelligenz. | Umsetzung funktionaler Prototypen, um Ideen frühzeitig zu testen und gemeinsam mit Kunden und Stakeholdern zu validieren. | Bewertung neuer ML-/AI-Technologien hinsichtlich Machbarkeit, Reifegrad und geschäftlichem Nutzen sowie Ableitung fundierter Architektur- und Tooling-Entscheidungen. | Enge Zusammenarbeit mit unseren Entwickler:innen zur Überführung validierter Prototypen in robuste, skalierbare Produktlösungen. | Förderung datengetriebenen Denkens im Unternehmen und aktives Wirken als Impulsgeber:in für daten- und AI-getriebene Innovation.;Erfolgreich abgeschlossenes Hochschulstudium (mindestens BSc) in Informatik, Data Science, Machine Learning oder einem verwandten technischen Bereich. | Du hast bereits mindestens ein marktrelevantes Produkt oder Feature gebaut, das auf einem Large Language Model basiert (z. B. GPT, Claude, Mistral). Dabei hast du den gesamten Prozess mitgestaltet. | Du verfügst über fundierte Kenntnisse in der Evaluation von LLMs – z. B. durch eigene Metriken und Benchmarks. | Sehr gute Python-Kenntnisse, insbesondere im Kontext von LLM-Anwendungen (z. B. mit LangChain, LlamaIndex, transformers, OpenAI SDK, etc.). | Sicher im Umgang mit typischen Komponenten LLM-basierter Systeme wie Embedding Models, Vektordatenbanken (z. B. Pinecone, Weaviate, FAISS) und RAG-Architekturen. | Du verstehst die Konzepte hinter MLOps bzw. LLMOps (z. B. Reproduzierbarkeit, CI/CD für Prompts und Embeddings, Prompt-Versionierung, Logging von User-Feedback). | Sehr gute SQL-Kenntnisse sowie Fähigkeit, Logs und Nutzerinteraktionen auszuwerten und daraus ableitbare Verbesserungen zu identifizieren. | Erfahrung in der Zusammenarbeit mit Product Ownern, Softwareentwickler:innen und interdisziplinären Teams – du kannst AI-Technologie in greifbare Produkte übersetzen. | Du kannst AI-Konzepte klar und verständlich kommunizieren – sowohl innerhalb des Teams als auch gegenüber Stakeholdern ohne technischen Hintergrund.
32;Product Lead Finance & HR;Brack.Alltron AG;Zürich und/oder Mägenwil;Du führst fachlich durch fundiertes Verständnis der Unternehmensstrategie und tiefes Produktwissen in Deinen Bereichen – von Nutzerbedürfnissen über Markttrends bis hin zu technologischen und strategischen Anforderungen. | Du entwickelst unsere Systeme rund um die Bereiche Finance und HR mit Blick auf Wirtschaftlichkeit und Zukunftsfähigkeit, identifizierst Potenziale und Synergien und realisierst nachhaltige Lösungen gemeinsam mit Deinem funktionsübergreifenden Team | Du stellst den benutzerorientierten Produkterfolg sicher, indem du neue Funktionen effektiv kommunizierst und relevante Stakeholder aus Finance und HR sowie das Management aktiv einbindest. | Du nutzt deinen Methodenbaukasten, um Produkte unternehmerisch weiterzuentwickeln – mit einem klaren Fokus auf Effizienz, Nutzerbedürfnisse und technische Machbarkeit. | Du bist Teil eines agilen Teams und arbeitest hands-on aktiv an der Konzeption und Entwicklung nachhaltiger, skalierbarer technischer Lösungen für die Bereiche Finance und HR mit. | Du verantwortest die Produkt-Roadmap, deren Priorisierung sowie die kontinuierliche Evaluierung neuer Potenziale. | Du bist verantwortlich für die Analyse, Konzeption und Umsetzung neuer Features und Innovationen – von der Idee bis zum Going-Live. | Du treibst technologische Innovationen und Verbesserungen für diese Bereiche aktiv voran, hältst dich über Branchentrends und neue Technologien auf dem Laufenden und evaluierst deren Potenzial für unsere Plattform. | Du leitest die Auswahl und Einführung neuer Technologien her sowie etablierst Best Practices im Team.;Ein abgeschlossenes Studium der Wirtschaftsinformatik, Informatik, Data Science oder Betriebswirtschaftslehre mit dem Schwerpunkt Digitales Marketing oder vergleichbarer Abschluss. | Erste einschlägige Berufserfahrung im E-Commerce, idealerweise im digitalen Produktmanagement von Business Applications rund um Finance- und HR-Systeme | Fundiertes Verständnis agiler Softwareentwicklung und deren Methodiken wie Scrum und Kanban | Sehr gute Kommunikationsfähigkeiten, Überzeugungskraft und Durchsetzungsvermögen, Empathie | Sehr gutes Gespür für Benutzerbedürfnisse und deren Denkweisen und Absichten | Ausgeprägte analytische und konzeptionelle Fähigkeiten sowie hohe Problemlösungskompetenz und Kundenorientierung. | Gute Kenntnisse und sicherer Umgang mit gängigen KI- und LLM-Tools, einschliesslich Erfahrung im Prompt-Engineering, deren APIs und dem effizienten Einsatz von Embeddings. | Strukturiertes, selbständiges und kooperatives Arbeiten in einem interdisziplinären Team | Gutes Grundverständnis für zukunftsweisende Technologien, Systeme und Marktentwicklungen bei Finance- und HR-Systemen | Intrinsische Motivation, kontinuierlich relevante Optimierungspotenziale aufzuspüren und entsprechende Initiativen zu gestalten
33;Product Owner, Analytics Platform;MEDGATE;Allschwil;Own and maintain the feature backlog for the analytics platform, balancing business needs, data insights, and platform consistency | Write clear, testable user stories with acceptance criteria aligned to technical requirements for data pipelines, data models, and BI dashboards | Ensure product integrity during new feature and data integration rollouts.;Define and champion the analytics platform vision, aligning [Medgate's] strategic goals with business data and reporting needs. | Collaborate with the Business Owner, TTL, data engineers, compliance teams, and other product team POs. | Proactively communicate delivery timelines, dependencies, and potential issues to stakeholders.
34;Product Lead Logistik;Brack.Alltron AG;Mägenwil;Du führst fachlich durch fundiertes Verständnis der Unternehmensstrategie und tiefes Produktwissen in Deinen Bereichen – von Nutzerbedürfnissen über Markttrends bis hin zu technologischen und strategischen Anforderungen. | Du entwickelst unsere Systeme rund um die Logistik mit Blick auf Wirtschaftlichkeit und Zukunftsfähigkeit, identifizierst Potenziale und Synergien und realisierst nachhaltige Lösungen gemeinsam mit Deinem funktionsübergreifenden Team | Du stellst den benutzerorientierten Produkterfolg sicher, indem du neue Funktionen effektiv kommunizierst und relevante Stakeholder wie die Logistikkollegen und das Management aktiv einbindest. | Du nutzt deinen Methodenbaukasten, um Produkte unternehmerisch weiterzuentwickeln – mit einem klaren Fokus auf Effizienz, Nutzerbedürfnisse und technische Machbarkeit. | Du bist Teil eines agilen Teams und arbeitest hands-on aktiv an der Konzeption und Entwicklung nachhaltiger, skalierbarer technischer Lösungen für den Bereich Logistik mit. | Du verantwortest die Produkt-Roadmap, deren Priorisierung sowie die kontinuierliche Evaluierung neuer Potenziale. | Du bist verantwortlich für die Analyse, Konzeption und Umsetzung neuer Features und Innovationen – von der Idee bis zum Going-Live. | Du treibst technologische Innovationen und Verbesserungen für diese Bereiche aktiv voran, hältst dich über Branchentrends und neue Technologien auf dem Laufenden und evaluierst deren Potenzial für unsere Plattform. | Du leitest die Auswahl und Einführung neuer Technologien her sowie etablierst Best Practices im Team.;Ein abgeschlossenes Studium der Wirtschaftsinformatik, Informatik, Data Science oder Betriebswirtschaftslehre mit dem Schwerpunkt Digitales Marketing oder vergleichbarer Abschluss. | Erste einschlägige Berufserfahrung im E-Commerce, idealerweise im digitalen Produktmanagement von Business Applications rund um Warehouse Systeme, Inbound und Outbound Logistik | Fundiertes Verständnis agiler Softwareentwicklung und deren Methodiken wie Scrum und Kanban | Sehr gute Kommunikationsfähigkeiten, Überzeugungskraft und Durchsetzungsvermögen, Empathie | Sehr gutes Gespür für Benutzerbedürfnisse und deren Denkweisen und Absichten | Ausgeprägte analytische und konzeptionelle Fähigkeiten sowie hohe Problemlösungskompetenz und Kundenorientierung. | Gute Kenntnisse und sicherer Umgang mit gängigen KI- und LLM-Tools, einschliesslich Erfahrung im Prompt-Engineering, deren APIs und dem effizienten Einsatz von Embeddings. | Strukturiertes, selbständiges und kooperatives Arbeiten in einem interdisziplinären Team | Gutes Grundverständnis für zukunftsweisende Technologien, Systeme und Marktentwicklungen bei Logistiksystemen und deren Logiken | Intrinsische Motivation, kontinuierlich relevante Optimierungspotenziale aufzuspüren und entsprechende Initiativen zu gestalten
35;(Senior) Data Analyst Online Shop (w/m/d);Digitec Galaxus AG;Zürich;Du analysierst das Nutzerverhalten und leitest daraus Hypothesen sowie Handlungsempfehlungen für die Produktentwicklung ab. | Gemeinsam mit Product Owner, Engineers und UX-Experten entwickelst du KPIs und stellst diese über benutzerfreundliche Reports zur Verfügung. | Du übernimmst die Konzeption und statistische Auswertung von Online-Experimenten und leitest daraus konkrete Handlungsempfehlungen ab. | Zusammen mit unseren Data Engineers und Data Scientists trägst du dazu bei, unsere Business-Intelligence-Infrastruktur weiterzuentwickeln und durch übergreifende Initiativen auszubauen. | Du übersetzt die Informationsbedürfnisse des Business in Tracking-Anforderungen und setzt diese gemeinsam mit den Entwicklern um.;Abgeschlossenes Studium im technischen oder Daten fokussierten Bereich (ETH/UNI/FH) oder ausreichend relevante Berufserfahrung. | Erfahrung in der Analyse komplexer Datensätze, idealerweise im E-Commerce-Umfeld. | Fundierte Kenntnisse in der Extraktion und Verarbeitung von Daten mit SQL und Python. | Erfahrung in Konzeption, Umsetzung und statistischer Auswertung von Online-Experimenten (z. B. A/B-Tests) sowie weiterer Methoden der Kausalanalyse. | Kenntnisse im Einsatz von Business-Intelligence-Software wie Tableau oder Looker Studio zur Visualisierung von Daten. | Kenntnisse in Data Science, Machine Learning und Software-Entwicklungspraktiken (z. B. Versionskontrolle) sind von Vorteil. | In Englisch und Deutsch zu arbeiten fällt dir leicht. Die Teamsprache ist Deutsch.
36;Product Lead Sourcing & Purchasing;Brack.Alltron AG;Zürich und/oder Mägenwil;Du führst fachlich durch fundiertes Verständnis der Unternehmensstrategie und tiefes Produktwissen in Deinen Bereichen – von Nutzerbedürfnissen über Markttrends bis hin zu technologischen und strategischen Anforderungen. | Du entwickelst unsere Systeme rund um die Beschaffung und Einkauf mit Blick auf Wirtschaftlichkeit und Zukunftsfähigkeit, identifizierst Potenziale und Synergien und realisierst nachhaltige Lösungen gemeinsam mit Deinem funktionsübergreifenden Team | Du stellst den benutzerorientierten Produkterfolg sicher, indem du neue Funktionen effektiv kommunizierst und relevante Stakeholder wie Commercials / Category Management, Sales und das Management aktiv einbindest. | Du nutzt deinen Methodenbaukasten, um Produkte unternehmerisch weiterzuentwickeln – mit einem klaren Fokus auf Effizienz, Nutzerbedürfnisse und technische Machbarkeit. | Du bist Teil eines agilen Teams und arbeitest hands-on aktiv an der Konzeption und Entwicklung nachhaltiger, skalierbarer technischer Lösungen für die Bereiche Beschaffung und Einkauf mit. | Du verantwortest die Produkt-Roadmap, deren Priorisierung sowie die kontinuierliche Evaluierung neuer Potenziale. | Du bist verantwortlich für die Analyse, Konzeption und Umsetzung neuer Features und Innovationen – von der Idee bis zum Going-Live. | Du treibst technologische Innovationen und Verbesserungen für diese Bereiche aktiv voran, hältst dich über Branchentrends und neue Technologien auf dem Laufenden und evaluierst deren Potenzial für unsere Plattform. | Du leitest die Auswahl und Einführung neuer Technologien her sowie etablierst Best Practices im Team.;Ein abgeschlossenes Studium der Wirtschaftsinformatik, Informatik, Data Science oder Betriebswirtschaftslehre mit dem Schwerpunkt Digitales Marketing oder vergleichbarer Abschluss. | Erste einschlägige Berufserfahrung im E-Commerce, idealerweise im digitalen Produktmanagement von Business Applications rund um Einkaufs- und Beschaffungssystemen inkl. Supplier Data Management | Fundiertes Verständnis agiler Softwareentwicklung und deren Methodiken wie Scrum und Kanban | Sehr gute Kommunikationsfähigkeiten, Überzeugungskraft und Durchsetzungsvermögen, Empathie | Sehr gutes Gespür für Benutzerbedürfnisse und deren Denkweisen und Absichten | Ausgeprägte analytische und konzeptionelle Fähigkeiten sowie hohe Problemlösungskompetenz und Kundenorientierung. | Gute Kenntnisse und sicherer Umgang mit gängigen KI- und LLM-Tools, einschliesslich Erfahrung im Prompt-Engineering, deren APIs und dem effizienten Einsatz von Embeddings. | Strukturiertes, selbständiges und kooperatives Arbeiten in einem interdisziplinären Team | Gutes Grundverständnis für zukunftsweisende Technologien, Systeme und Marktentwicklungen bei Einkaufs- und Beschaffungssystemen inkl. Supplier Data Management | Intrinsische Motivation, kontinuierlich relevante Optimierungspotenziale aufzuspüren und entsprechende Initiativen zu gestalten
37;Applied Machine Learning Engineer (80 %);Zentralbibliothek Zürich;Zürich;unsere digitalisierten Bestände mit zusätzlichen Metadaten für multi-modales Retrieval anzureichern, | grosse Datenkorpora wie zum Beispiel aus dem Google-Books-Projekt mittels ML-Methoden wie Topic Modelling, Named Entity Recognition, Vergabe von Schlagwörtern oder Visualisierungen zu erschliessen, | die Zugänglichkeit unserer Daten zu verbessern, zum Beispiel durch natürlichsprachliche Such- und Empfehlungsfunktionen, Relevanz-Ranking, Auflistung inhaltlich ähnlicher Literatur, Zusammenfassungen oder Übersetzungen, | die Datenerschliessungsprozesse in der ZB weiterzuentwickeln, | Forschende bei dem Zusammenstellen von massgeschneiderten Korpora zu unterstützen | Abgeschlossenes Hochschulstudium in Informatik, Data Science, Computerlinguistik oder gleichwertige Ausbildung in einem verwandten Bereich | Einschlägige Erfahrung in der Anwendung von Machine Learning-Verfahren und von Natural Language Processing-Modellen, idealerweise mit Schwerpunkten auf Textverarbeitung und Textgenerierung | Exzellente Programmierkenntnisse in Python und Erfahrung mit Deep Learning-Frameworks wie TensorFlow oder PyTorch | Fundiertes Verständnis von Datenbanken, Datenintegration und Datenbereinigung | Ausgeprägte Kundenorientierung und Kommunikationsfähigkeit | Initiative, lösungsorientierte und teamfähige Persönlichkeit | Erfahrungen mit methodischer Projektarbeit und Interesse an agilen Arbeitsweisen | Sie arbeiten mit Neugier und Wissensdurst und bringen sich gerne mit guten Vorschlägen ein | Deutschkenntnisse auf Muttersprache-Niveau und gute Englischkenntnisse in Wort und Schrift;no skills found on this job ad
38;Mendix Tech Consultant (all genders);adesso Schweiz AG;Deutschschweiz;"Participate in the full software development lifecycle - Analyze, understand and document software and business requirements; conceptualize and design architecture and structure; design and implement scalable databases; develop web and mobile applications; develop, design and execute comprehensive test scenarios and troubleshooting; set up, manage and track deployment/processes; and maintain through ongoing support and gathering new requirements or enhancements. | Work as part of a project team - offer guidance, feedback, and conduct code reviews. Actively participate in scrum ceremonies. Experience with agile methodologies and proficiency in at least one Scrum framework is mandatory. Additionally, you’ll collaborate with stakeholders, project managers, and solution architects to analyze system specifications, translate them into system requirements, and provide strategic guidance to ensure the project's successful delivery. | Sound knowledge: Degree in computer science, business informatics, data science or a comparable field of study with a relevant connection. | Experience: 2-3 years of professional experience with Mendix. | Certification: Mendix Rapid Certification. | Language skills: Fluent in English and either German (C1), French (C1) or Italian (C1), depending on the location. | Learn and grow with us: we support your continuous development with over 400 training courses and our digital learning platform. | Experience real team spirit: joint events (e.g. ski weekends and the annual eduCamp training trip), welcome days and company runs strengthen our team spirit and allow you to be part of the team from the very beginning. | Commitment that is rewarded: Your commitment pays off - with bonuses for recommendations, lectures, thesis supervision and attractive benefits via our corporate benefits portal.";Development skills: You have already developed with JavaScript, CSS, Python, Java, PHP and PostgreSQL. You are familiar with asynchronous processes such as timers and task queues. | Certifications: Mendix Intermediate and/or Advanced certification. | Automation skills: Development of CI/CD pipelines with Mendix. | Methodology experience: You have experience in BDD (Behavior-Driven Development), TDD (Test-Driven Development), JUnit frameworks and test automation.
39;PhD student in Life Science Engineering (100 %);Haute Ecole d'Ingénierie;1950 Sion;Execute an innovative research project at the intersection of experimental process development and computational modeling, with a focus on process optimization and analytical technologies. | Collaborate with the project partner Lonza and the PhD co-supervisor Prof. Jürgen Hubbuch at the Karlsruhe Institute of Technology (KIT), ensuring strong communication in alignment with project goals. | Share your findings through high-impact publications and conference presentations, contributing to the scientific community and industry advancements.;Master’s degree in chemical engineering, biotechnology, bioinformatics, or a related field, with an academic record above 5.25 (Swiss grading system). | Hands-on experience with liquid handling systems, inclusion body refolding, and/or molecular dynamics simulations. | Strong programming skills (e.g., Python, R, MATLAB) for data analysis and modeling. | Excellent communication and teamwork skills, with fluency in English. | Industrial experience in biopharmaceuticals or related fields is a plus.
40;Business Analyst Material Science;Omya (Schweiz) AG;Egerkingen;"Analyze business, market, customer, and competitor data to provide basis for actionable recommendations in terms of portfolio and/or business opportunities or gaps. | Provide input to establish targets for sales performance for Market/Segment portfolio, such as product mix, sales volume, market share, or business development. | Develop dashboards and reports to monitor market trends, segment performance, and campaign effectiveness. | Collaborate with Sales Excellence team to ensure robust and scalable insight generation. | Measure and report segment growth vs. previous years and strategic plans. | Analyze business metrics for strategic ""solutions"" and provide actionable insights, especially on product mix gaps. | Track sales performance including profitability, volumes, market share, and cross-selling scores. | Support gap analysis for global Key Accounts and vs. target account plans as needed. | Develop and monitor KPIs for strategic projects and target market opportunities. | Deliver timely, accurate reports and recommendations to Segment Head, Portfolio Directors, and Key Account Managers. | Provide competitive intelligence (imports, market benchmarks, competitor activity). | Build and maintain predictive analytics tools. | Leverage AI and CRM (Salesforce) data to uncover trends and opportunities.";Bachelor's or Master's degree in Business Analytics, Economics, Engineering, or related field. | 3+ years of experience in business analysis, preferably in B2B industrial or chemical sectors. | Strong analytical and problem-solving skills. | Data Analysis and management (e.g. Python, SQL, NoSQL) | Proficiency in data visualization and BI tools (e.g., Power BI, Tableau). | Experience with CRM systems (Salesforce preferred) and AI-based analytics. | Excellent communication and stakeholder management skills. | Ability to work cross-functionally in a global matrix organization. | Mindset: Strategic thinker with a hands-on attitude. Curious, proactive, and solution-oriented. | Excellent command in English, both oral and written. | Good command of both oral and written additional relevant language is beneficial, particularly German.
41;Produktmanager*in Life Science;IGZ Instruments AG;Deutschschweiz;no tasks found on this job ad;no skills found on this job ad
42;Dozentin oder Dozent für Data Engineering;Berner Fachhochschule BFH;Biel;Methoden, Technologien und Anwendungen im Bereich Data Engineering und KI in unseren Bachelor-Studiengängen, insbesondere im BSc Data Engineering (bfh.ch/data-engineering), mit Fokus auf die Praxis unterrichten | Studierende bei Projektarbeiten sowie Thesen auf Stufe Bachelor und Master betreuen | Spezialisierte Fachthemen in Weiterbildungsangebote einbringen | Angewandte Forschungsprojekte im eigenen Themenbereich akquirieren und betreuen | Erfahrung und Schaffenskraft in unser technikbegeistertes Kollegium und das grosse Netzwerk der Berner Fachhochschule einbringen | Mit uns und unseren Studierenden die Zukunft gestalten – durch die Entwicklung und aktive Nutzung der Informationstechnologien von morgen!;"Hochschulabschluss (mindestens Master oder vergleichbare Qualifikation; Doktorat erwünscht) in Datenwissenschaften, Informatik, Wirtschaftsinformatik oder einem verwandten Fachgebiet | Mindestens 5 Jahre einschlägige, praktische Erfahrung in Data Engineering, Entwicklung und Betrieb von Daten- und Applikationsplattformen, Datenarchitektur, Maschinellem Lernen oder KI | Freude und Geschick bei der Vermittlung anspruchsvoller Lehrinhalte | Ausgewiesene Erfahrung im Projektmanagement und Freude an der Zusammenarbeit im Team | Interesse an angewandter Forschung, gute kommunikative Fähigkeiten sowie Erfahrung in der Projektakquisition | Sehr gute Englisch- oder Deutschkenntnisse (mind. C1) – beides sind Unterrichtssprachen. Französische Sprachkenntnisse sind von Vorteil."
43;PhD position in technology and innovation management;Etat de Fribourg;Fribourg;As a PHD student, you are required to be accepted into and enrolled in the Doctoral Program at the Faculty of Management, Economics, and Social Sciences at the University of Fribourg. Accordingly, 50% of your time will be dedicated to completing your doctoral studies and thesis. In writing your thesis, you will be coached by your supervisor Prof. Dr. Stephan Nüesch. | As a member of the iimt team, you will mentor both Master and executive education students. Your responsibilities will include (co-)teaching in lectures, guiding students through their Master's, EMBA, or CAS thesis, and contributing to an exceptional learning environment by assisting with administrative tasks. | A master's degree in business administration (e.g., management, innovation management, HRM, technology management, finance, controlling). Candidates are welcome to apply early, which may even be several months prior to their graduation | A passion for teaching and research | Fluent in English and proficient in French and/or German, with good passive comprehension of the other language | An interest in one of the following areas: Digital business models, open innovation and crowdsourcing, top management teams and digital innovation, technology management, strategic human resource management | Expertise in empirical research methods is desirable;no skills found on this job ad
44;Contractor - IT System Engineer;Humanis AG;Deutschschweiz;Operate and enhance an in-house collaboration platform | Build and maintain CI/CD pipelines for automated software delivery | Manage on-premises systems and Kubernetes clusters securely and efficiently | Automate infrastructure provisioning using IaC (Ansible/Terraform) | Implement monitoring, logging, and alerting (ELK, Prometheus, Grafana) | Integrate and optimize real-time data streams with Apache Kafka | Support test automation and ensure system reliability (JUnit, Selenium, TestNG) | Maintain architecture compliance and present solutions to engineering teams | Manage agile workflows and documentation using Jira, Confluence, and GitLab | MSc or BSc in Computer Science, Engineering, or related field | At least 2–3 years of professional experience in a similar role (DevOps / System Engineering) | Strong expertise in CI/CD, Kubernetes, IaC, and Linux system administration | Experience in architecture-driven development and implementation reviews | Independent, structured, and communicative working style | Ability to explain complex technical topics in a clear and understandable way | Fluent in German (native) with good English skills | Willingness to commute or relocate to the Bern area | Exciting IT projects in a modern and innovative technical environment | Attractive employment conditions and remuneration. | Social benefits;no skills found on this job ad
45;Consultant - Forensic Technology and eDiscovery;EY (Ernst & Young AG);Zurich;"The rapidly growing Forensic department is currently seeking the right candidates for an excellent career opportunity in the Forensic Technology and eDiscovery team. | You will be responsible for providing critical support to our teams of investigators, clients, legal counsels and regulators in fact-finding activities. | Our methodology incorporates advanced data analysis technologies such as Generative AI (""GenAI""), natural language processing, machine learning, predictive coding, social network analysis and automation. You will receive training on our forensic technologies and the opportunity to contribute to innovation. | You will have a unique, career changing opportunity to play a key role in the growth and strategy of the team.";Working in engagement teams, carrying out both reactive and proactive data analysis of large volumes of unstructured and structured data. | Collaborating with clients, fraud investigators, internal and external auditors, lawyers and regulatory authorities in sensitive and sometimes adversarial situations. | Working in our dedicated Forensic Technology & eDiscovery lab and secure platform to help clients secure and uncover facts with the use of technology. | Innovating and developing new solutions to answer current and future needs of our clients. | Supporting the leadership team and the project manager on the operational level and acting as a role model and coach for more junior team members.
46;Wissenschaftliche:n Projektmitarbeiter:in Multimedia Production;Fachhochschule Graubünden;Chur;Bachelorstudium in Multimedia Production, Design, Medientechnik, Medienwissenschaft oder einer verwandten Studienrichtung | Erste Praxiserfahrungen oder besonderes Interesse in Live Communication, Social Media, Audio/Video | Kommunikative Persönlichkeit mit einem überzeugenden Auftreten | Organisatorisches Talent und Interesse an der Arbeit mit digitalen Medien | Freude an der Zusammenarbeit mit Studierenden | Gute Deutsch- und Englischkenntnisse in Wort und Schrift | Bereitschaft für Reisen an unsere anderen Studienstandorte;"Unserem dynamischen Teamspirit und unserer persönlichen Atmosphäre | Jährlich drei Wochen Zeitguthaben für die persönliche Weiterbildung | Unserer Unterstützung in der persönlichen Weiterentwicklung | Modernen Anstellungsbedingungen 
und vielen Sport- und Kulturangeboten"
47;Manager - Technology Consulting - Cyber Security (80-100%);EY (Ernst & Young AG);Zurich;Your focus will be on Cybersecurity consulting, information security, and risk assessment of processes, applications, systems, and IT infrastructures in banks and insurance companies | You will work on projects in hot topics in Cybersecurity such as cloud security, blockchain, DevOps, penetration testing, and security architecture | In addition, you will also take on tasks in the areas of IT risk assurance in terms of internal controls and risk and compliance management | Manage and execute complex Cybersecurity engagements | Contribute to go-to-market strategy and execution including identification of sales opportunities, and preparation of proposals for our financial services and insurance clients | Collaborate with cross-functional and cross-regional EY teams to create strong ties, to raise awareness of the Cybersecurity team's capabilities, and to seize cross-functional sales opportunities | Speak and participate in security conferences and professional meetings | As a member of an interdisciplinary team of specialists, you will support our customers in consulting projects in assessing and improving the effectiveness and quality in the field of Cybersecurity | Help our clients understand the Cyber threat landscape and assess the maturity of their Cybersecurity strategy;Degree (Bachelor's or Master's) in Business Information Technology, in a technical field (e.g. Computer Science) related to Cybersecurity topics, MAS in Information Security, or equivalent education | Relevant professional experience (at least 5 years) in Cybersecurity, information security and technical IT security assessments | Sound organizational and technical knowledge in the area of Cybersecurity including experience with relevant security standards and frameworks (e.g. ISO 27001:2013, NIST Cybersecurity Framework etc.) | A must: Passion for consulting and Cybersecurity topics and an in-depth experience in one or more Cybersecurity areas such as (but not limited to) security architecture, data protection, network security, or identity and access management | Experience in leadership, team mentoring, client, and project management | Ideally, relevant industry certifications (e.g. CISSP, CISM, CRISC, CISA, etc.) | A plus: Previous knowledge of the financial services sector | Qualities guaranteed to boost your career at EY: ability to work in a team, determination, commitment, a strong presence, an independent working style, and a quick grasp of new topics | Fluent in German and English
48;Data Analyst;netplus.ch SA;Sierre;Révéler l'invisible : Explorer, collecter et interpréter nos ensembles de données pour identifier des tendances et les opportunités de croissance, que vous traduirez en tableaux de bord décisionnels percutants. | Construire l'avenir de la donnée : Participer activement à la construction d'un environnement de données robuste, sécurisé et pérenne. | Anticiper pour mieux agir : Développer et maintenir des modèles statistiques et prédictifs pour formuler des recommandations. | Collaborer et communiquer : Travailler en étroite collaboration avec les équipes métiers pour comprendre leurs besoins.;Qualités Personnelles : Vous êtes reconnu(e) pour votre rigueur, votre curiosité et votre solide esprit d'analyse. Proactif(ve) et autonome, vous savez résoudre des problèmes complexes et proposer des solutions innovantes.
49;Expert–e en intelligence artificielle;Nicht offengelegter Arbeitgeber;Neuchâtel;D'intégrer une équipe dynamique, accueillante et bienveillante. | Un poste à responsabilités, varié et motivant, dans un cadre innovant. | Une organisation de travail flexible dans un environnement moderne et ouvert aux nouvelles idées.;no skills found on this job ad
50;Senior Software Engineer mit AI/ML Erfahrung;RUAG AG;Bern;Entwicklung und Pflege von Softwarelösungen zur Integration von ML-Modellen in Produkte und Plattformen | Design und Implementierung skalierbarer APIs und Services für ML-Modelle | Aufbau von Daten- und Modell-Pipelines mit Fokus auf Zuverlässigkeit, Sicherheit und Effizienz | Zusammenarbeit mit Data Scientists und ML-Engineers bei der Umsetzung von Modellen in produktive Systeme | Anwendung von Best Practices im Bereich Softwarequalität (Clean Code, Testing, CI/CD, Code Reviews) | Monitoring, Debugging und Optimierung bestehender ML-gestützter Anwendungen;Bachelor oder Master-Abschluss in Computer Science oder benachbartem Gebiet | Mehrjährige Erfahrung als Softwareentwickler z.B. in Python, Java oder C++ | Erfahrung mit Containerisierung und Orchestrierung (Docker, Kubernetes, OpenShift) | Teamorientierte Arbeitsweise mit Schwerpunkt auf Zusammenarbeit und Anpassungsfähigkeit | Sehr gute Deutsch- und Englischkenntnisse in Wort und Schrift
