Job_Index;Job_Title;Company_Name;Job_Location;Tasks;Skills;Job_Search_Term
1;Senior Machine Learning Engineer;RUAG AG;Bern;Entwicklung, Training und Deployment von Machine-Learning-Modellen für Produktionsbetrieb | Aufbau und Wartung von End-to-End-ML-Pipelines (Datenvorbereitung, Feature-Engineering, Modelltraining, Monitoring, etc.) | Sicherstellung von Transparenz, Nachvollziehbarkeit und Skalierbarkeit durch Best Practices (CI/CD, MLOps, Testing);Bachelor oder Master-Abschluss in Computer Science oder benachbartem Gebiet | Mehrjährige Berufserfahrung im Machine-Learning-/MLOps/DevOps-Umfeld | Erfahrung als Pre-Sales- oder Software Engineer von Vorteil | Starke Kenntnisse in Software-Engineering in Python, TensorFlow, PyTorch, und weiteren ML-Frameworks, sowie Docker, Kubernetes, APIs und Testing, CI/CD, Versionierung mit Git, etc. | Teamorientierte Arbeitsweise mit Schwerpunkt auf Zusammenarbeit und Anpassungsfähigkeit | Sehr gute Englisch- und/oder Deutschkenntnisse zur Zusammenarbeit mit Teammitgliedern;Machine Learning Engineer
2;Machine Learning Engineer;RUAG AG;Bern;Entwicklung, Training und Deployment von Machine-Learning-Modellen für Produktionsbetrieb | Aufbau und Wartung von End-to-End-ML-Pipelines (Datenvorbereitung, Feature-Engineering, Modelltraining, Monitoring, etc.) | Sicherstellung von Transparenz, Nachvollziehbarkeit und Skalierbarkeit durch Best Practices (CI/CD, MLOps, Testing);Bachelor oder Master-Abschluss in Computer Science oder benachbartem Gebiet | Starke Kenntnisse in Software-Engineering in Python, TensorFlow, PyTorch, und weiteren ML-Frameworks, sowie Docker, Kubernetes, APIs und Testing, CI/CD, Versionierung mit Git, etc.- | Erfahrung in Machine-Learning-/MLOps/DevOps-Umfeld oder als Pre-Sales- oder Software Engineer von Vorteil | Teamorientierte Arbeitsweise mit Schwerpunkt auf Zusammenarbeit und Anpassungsfähigkeit | Sehr gute Englisch- und/oder Deutschkenntnisse;Machine Learning Engineer
3;Platform Engineering Internship (80-100% - 12 months);Swissgrid AG;Bleichemattstrasse 31;GitHub Operations (Manage hybrid setup, user & access management as well as helping other developers how to use the platform) | Data Platform Operations (Design, deploy, review, and monitor cloud infrastructure for the data platform) | Development Tools (Container based Development environments & CI/CD Pipelines);Good practices with software engineering disciplines (e.g., CI/CD (GitHub actions), Container/Kubernetes/Docker, Infrastructure as Code (terraform), ...) | Be able to analyze, monitor, and troubleshoot cloud-based distributed systems (pref. Microsoft Azure, Databricks & Ray) | Experience with the GitHub ecosystem or similar (Repos, Actions, Packages, ...) | Proficiency in at least one modern programming language (Python, Go, C#, ...) | Knowledge of Linux systems and shell scripting | Be proficient with the English language;Machine Learning Engineer
4;Project Engineer Pipework (m/f/d);Georg Fischer;Schaffhausen;Develop and review technical proposals, quotes, and engineering designs for projects for mechanical pipework systems | Support sales teams by translating customer requirements into efficient and cost-effective piping solutions for prefabrication | Collaborate with the global engineering team to optimize project delivery and supply required engineering support to succeed in the project (Proposal Engineering and Detail Engineering) | Ensure compliance with relevant industry standards (e.g., ASME, BSI, ISO, DVS, etc.) and project specifications | Support pre-sales and post-sales engineering activities as required | Work closely with the global prefabrication network to ensure value-added throughout the entire supply chain;A master’s or bachelor’s degree in engineering (mechanical or related field) | At least 4 years of concrete experience as a Project Engineer, Project Leader or Team Leader in an industrial environment | Concrete experience in pipework design, stress analysis, or related engineering disciplines | Strong problem-solving skills with the ability to work independently and in a global team | Excellent communication and collaboration skills | Proficiency in relevant engineering software and tools;Machine Learning Engineer
5;High-Voltage Digital Twin Engineer (f/m/d);Axpo Group;Baden;Lead the development of digital twins for high-voltage substations, lines, and batteries | Implement health monitoring and prediction algorithms | Collaborate with software developers and CAD specialists on asset representation and data flow | Validate and improve prediction models using real field data | Integrate new technologies such as GenAI, IoT, and advanced data platforms | Define and optimize use cases, shaping our service offering and product direction | Track success and support business growth in Switzerland and Europe;"Master's degree in electrical engineering, energy systems, or a related field (must-have) | Strong understanding of high-voltage equipment (transformers, lines, switchgear, batteries) (must-have) | Experience with digital twin platforms or network simulation software (must-have) | Familiarity with condition monitoring systems (e.g., vibration, thermal, partial discharge) | Data analysis and machine learning skills, ideally with Python | Confident working across international teams and with clients | Fluent in German and English; Spanish is a plus | Ideally, experience in business development or product management";Machine Learning Engineer
6;Quantitative Analyst , FX & DA Trading, SPOT;Nicht offengelegter Arbeitgeber;Gland;contribute to the bank's commercial goals by managing our in-house developed internalization system | provision liquidity such that clients' execution needs and the bank's regulatory requirements are sustainably met | drive the bank's ongoing investments in its proprietary trading and risk systems in collaboration with software engineers and IT | drive the quantitative research initiatives relevant to its business scope | ensure excellent product quality and participate in its continuous improvement;PhD/MSc in a STEM discipline from top ranked university | Strong analytical and modelling skills suitable to financial tick-data | Familiar with Machine Learning methods applied to financial forecasting | Strong coding skills, especially with respect to Python packages relevant to large data-sets | Previous experience with a sell-side electronic trading firm/bank is a strong plus | Able to work under pressure and available to deliver on time | Self-driven, structured, attention to detail, team-oriented | Excellent communication skills and able to develop relationships with interdisciplinary people | Fluent in English;Machine Learning Engineer
7;Cloud Operations Engineer (all genders), 80-100%;BSI Business Systems Integration AG;Zürich;Mit innovativen Cloud-Lösungen in- und externe Kunden glücklich machen | Sicherstellung des robusten, effizienten SaaS Betriebs gemäss SLA | Analyse und Behebung von Störungen | Unterhalts- und Wartungsarbeiten sowie Systemsicherungsmassnahmen | Planung und Durchführung aller regulären Tagesarbeiten und operationeller Prozesse | Pflegen der Dokumentationen | 2nd-Level-Support für in- und externe Kunden und Partner;Abgeschlossene Lehre, 2-3 Jahre Erfahrung in diesem Gebiet | Breite Kenntnisse in den Bereichen Netzwerk, Security, Virtualisierung, Container (Docker/Kubernetes) | Erfahrung mit Automatisierungstools (Ansible, Terraform) und Skriptsprachen (Bash, Python) | Fundiertes Linux Knowhow (Ubuntu/Debian, RedHat/CentOS) | Neugier, effizientes Arbeiten und unternehmerisches Denken | Sehr gute Deutsch- und Englischkenntnisse;Machine Learning Engineer
8;Application Engineer (f/m/d);Endress+Hauser;Reinach;Nettoumsatz von annähernd 3,7 Milliarden Euro - ein starker Partner | Fast 17.000 Mitarbeiter weltweit - ein zuverlässiger Arbeitgeber | Wir übernehmen soziale und ökologische Verantwortung - ein nachhaltiger Partner | Kontinuierliche jährliche Investitionen von über 260 Millionen Euro - zukunftsorientiert | Über 8.900 Patente und Patentanmeldungen - innovativ und kreativ | Sie beraten unsere weltweiten Vertriebsstandorte kompetent in allen technischen Fragen zu unserer gesamten Produktpalette. | Sie unterstützen die Serviceabteilungen unserer Vertriebsgesellschaften über das Case Management Tool, telefonisch oder direkt vor Ort. | Sie übernehmen bei Bedarf kurzfristige und spannende Serviceeinsätze rund um den Globus. | Sie wirken aktiv an der Erstellung und Aktualisierung unserer Produkthandbücher mit. | Sie liefern wertvolles Feedback an Entwicklung und Marketing, um unsere Produkte kontinuierlich zu optimieren. | Sie arbeiten eng mit internen und externen Partnern zusammen, um technische Herausforderungen effizient zu lösen.;Sie bringen einen Abschluss als Ingenieur*in oder Techniker*in Verfahrenstechnik, Maschinenbau, Mess- und Regeltechnik oder Elektrotechnik mit - oder verfügen über eine vergleichbare Qualifikation. | Sie verfügen über fundierte Berufspraxis und Felderfahrung in der industriellen Messtechnik, idealerweise in verfahrenstechnischen Anlagen. | Sie beherrschen Deutsch stilsicher in Wort und Schrift und kommunizieren ebenso souverän auf Englisch. | Sie arbeiten zuverlässig, selbständig und flexibel - und behalten auch in anspruchsvollen Situationen den Überblick. | Sie begeistern sich für Teamarbeit und tragen aktiv zu einem konstruktiven, lösungsorientierten Miteinander bei. | Sie haben Freude daran, komplexe technische Zusammenhänge schnell zu erfassen und in die Praxis umzusetzen.;Machine Learning Engineer
9;Graduate program - Quality Assurance Engineer (m/f/d);Hapa AG;Volkestwil;Real-world projects with impact: you will collaborate with like-minded peers and tackle challenging projects, developing cutting-edge technology solutions, learning on the job since day one | Professional development and training: you will enhance your technical and soft skills through dedicated learning & development initiatives | Mentorship by industry leaders: you will gain invaluable insights from seasoned professionals who have successfully paved their paths in the engineering landscape | Networking opportunities: you will forge lifelong connections with fellow engineers and industry experts, enabling you to establish meaningful relationships that will propel your career forward | Recognition and reward: your contribution will be recognized. Coesia Graduates Program rewards those who consistently strive for excellence.;Collaborate closely with Production, Procurement, Quality, and HSE Managers to ensure the quality and reliability of production processes, emphasizing machinery and printing machines | Ensure effective handling and resolution of non-conformities in production, including deviation opening | Monitor and analyze quality performance metrics, identifying process improvement opportunities with the team to ensure high production quality | Manage complaints if required | Work closely with Manufacturing, Engineering, Procurement, Technical Support, and Suppliers to develop and implement robust manufacturing processes and quality controls | Ensure compliance with ISO 9001 requirements within the production environment | Manage and coordinate CAPA (Corrective and Preventive Actions) processes, as well as Production Deviation management, ensuring timely resolution and continuous improvement | Coordinate with suppliers to address quality-related issues promptly and effectively | Support Factory Acceptance Testing processes and lead quality actions to ensure adherence to quality standards;Machine Learning Engineer
10;Cloud Support Engineer (all genders), 80 - 100%;BSI Business Systems Integration AG;Zürich;Du arbeitest dich in die BSI Produkte und deren Betrieb und Administration ein und bleibst mit der Weiterentwicklung des Produkts immer auf dem neuesten Stand. | Du bist erste Anlaufstelle für BSI-ler und BSI-lerinnen sowie unsere Partner. | Technische, betriebliche und fachliche Anfragen, Probleme und Vorfälle nimmst du über die Hotline oder das Ticketsystem entgegen und kümmerst dich um die abschliessende Lösung. | Mit deinem proaktiven Kommunikationsstil sorgst du dafür, dass alle im Bilde sind. | Du unterhältst die Dokumentationen und Knowhow Datenbank und leitest Feedback an die zuständigen Personen weiter. | Diese Aufgaben erledigst du mit Rückendeckung von unseren Entwicklungs- und Betriebsteams.;Du magst den Umgang mit Kunden, Partnern und BSI internen Ansprechpartnern und möchtest unsere innovativen Produkte nach aussen gut vertreten – hierfür bringst du Eigenverantwortung, Kreativität und Zuverlässigkeit mit. | Du verfügst über ausgezeichnete Kommunikationsfähigkeiten und die Fähigkeit, effektiv mit funktionsübergreifenden Teams zusammenzuarbeiten. | Du besitzt Erfahrung im technischen Support sowie in der Beratung anspruchsvoller Anwender*innen. | Abgeschlossene Ausbildung in Informatik oder höhere Aus- und Weiterbildung in Informatik | Auf Deutsch und/oder Englisch kommunizierst du fliessend. | Erfahrung in der Anwendung von Technologien wie Git, Terraform und Bash sind ein Vorteil, aber nicht zwingend notwendig.;Machine Learning Engineer
11;Machine Learning Engineer;Vitol SA;Geneva;Full-time;Being an energetic and enthusiastic member of a team uniquely positioned to bring the power of data to bear on the inner workings of the energy industry | Leading design, development, and deployment of machine learning systems, bringing their technical knowledge and experience into the team, and using this to create real solutions to real problems | Collaborating with cross-functional technology teams to gather requirements and ensure the solutions align with business objectives | Helping integrate the team’s solutions (including generative AI) into existing systems and platforms to provide seamless user experiences and scale adoption | Actively participating in code reviews, experiment design and tooling decisions to help drive the team’s velocity and quality | Helping build data and machine learning expertise within the business through knowledge sharing;Machine Learning Engineer
12;Machine Learning Engineer;Daedalean AG;Zürich;Stellen Sie sicher, dass unsere neuronalen Netzwerke unter allen Bedingungen stark abschneiden, indem Sie an Daten, Modellgestaltung und Training arbeiten. | Stellen Sie sicher, dass diese Leistung durch sorgfältige Gestaltung und Verifizierungsaktivitäten unter unserem ML-Zertifizierungsrahmen, der in Zusammenarbeit mit den Regulierungsbehörden entwickelt wurde, garantiert werden kann. | Nutzen Sie Transferlernen, um die Menge an verfügbaren Trainings- und Evaluierungsdaten massiv zu erhöhen, insbesondere durch den Einsatz von Simulation.;Ausgezeichnete Programmierkenntnisse in C++ oder Rust. | Master- oder Doktortitel in Informatik, Physik, Mathematik oder einem verwandten technischen Bereich. | Praktische Erfahrung im Deep Learning für Computer Vision, idealerweise die gesamte Palette von der Modellarchitektur bis zur Gestaltung und Implementierung von Evaluierungspipelines abdeckend. | Nachgewiesene Forschungskompetenzen in industriellen und/oder akademischen Umgebungen, einschließlich der Fähigkeit, über längere Zeiträume an schwierigen Problemen zu arbeiten.;Machine Learning Engineer
13;Senior Data Engineer;ti&m AG;Zürich;Spannende und innovative Datenprojekte für unsere Kunden | Zusammen mit unseren Data – und Machine-Learning-Engineers entwickelst du komplexe Data-Processing-Pipelines in der Cloud oder on-Premise | Du übernimmst Verantwortung für datengetriebene Beratungsmandate | Du berätst unsere Kunden bei der Umsetzung von modernen Datenhaltunslösungen und bei der Technologiewahl | Du übernimmst inhaltliche Verantwortung für technologische Themenbereiche | Fortwährendes Lernen und stetige Weiterbildung sowie Einblicke in die verschiedenen Branchen unserer Kunden | Abwechslung und spannende Zusammenarbeit in internen Projektteams sowie vor Ort bei unseren Kunden;Abschluss an einer (Fach-)Hochschule im Bereich Informationstechnologie, Informatik, Wirtschaftsinformatik oder einem verwandten Gebiet | Mehr als 5 Jahre nachweisbare Erfahrung auf relevanten Projekten | Sehr gute Kenntnisse in SQL und Python | Grundwissen in der Arbeit mit Infrastructure as Code (IaC) und Automatisierungstools wie Terraform, Azure ARM, Azure DevOps und GitLab CI | Fundierte Kenntnisse in relevanten Technologien wie Spark, Hive, Apache Iceberg, Airflow, MageAI, Pandas, PySpark oder ähnlichen | Praktische Erfahrung und gute Kentnisse im Aufbau von Datalakes oder Data Lakhouses | Erfahrung im Bereich der Software-Entwicklung | Praktische Erfahrung mit ETL und ELT Prozessen | Erfahrung im Umgang mit Datentechnologien von einem der grossen Cloud-Anbieter;Machine Learning Engineer
14;Principal Machine Learning Engineer;Daedalean AG;Zürich;Aktive Mitwirkung an der Anwendungsentwicklung und -verifizierung unseres Flaggschiff-Systems zur visuellen Verkehrserkennung. | Überwachung unserer Zertifizierungsstrategie für Maschinenlernen. | Pflege und Ausbau unserer Datenverarbeitungs- und ML-Trainingsinfrastruktur. | Überwachung eines großen Codebestands mit Rust, Python und C++. | Bereitschaft, jede Aufgabe zu übernehmen, die für jemand anderen zu dringend, komplex und/oder langweilig ist. | Fähigkeit, das Beste aus relativ begrenzten Ressourcen (Personal, Infrastruktur) herauszuholen.;Ausgezeichnete Programmierkenntnisse in C++ und/oder Rust. | Master- oder Doktortitel in Informatik, Physik, Mathematik oder einem verwandten technischen Bereich. | Praktische Erfahrung im Deep Learning für Computer Vision in der Industrie, idealerweise die gesamte Bandbreite von der Modellarchitektur bis zum Design und der Implementierung von Evaluierungspipelines abdeckend. | Nachgewiesene Forschungskompetenzen in industriellen und/oder akademischen Umgebungen, einschließlich der Fähigkeit, an schwierigen Problemen über längere Zeiträume zu arbeiten. | Nachgewiesene Erfahrung in der Leitung von Projekten mit engen Fristen. | Große Kommunikationsfähigkeiten.;Machine Learning Engineer
15;Senior Machine Learning Engineer - LLM & AIOps (m/w/d);Rocken®;Zürich;Erfahrung in Entwicklung, Training und Bereitstellung von ML-Systemen in der Produktion | Kenntnisse in der Implementierung von LLM-/RAG-Systemen | Erfahrung im Kubernetes-Ökosystem (z. B. Helm, ArgoCD) | Interesse und Bereitschaft zur Arbeit mit agentenbasierten KI-Systemen | Erfahrung mit Open-Source-LLMs und Tools wie vLLM, llama.cpp oder open-webui | Verständnis oder Erfahrung mit parallelem/verteiltem Rechnen | Kenntnisse in UI-Frameworks (z. B. Streamlit, Svelte) für KI-Prototypen | Grundlegende SQL-Kenntnisse | Erfahrung mit Airflow;Mindestens 4 Jahre Erfahrung in der Entwicklung und Wartung von ML-Systemen (Promotion anrechenbar) | Sehr gute Python-Kenntnisse | Gute Kenntnisse im Umgang mit Linux | Erfahrung mit komplexen, rechnergestützten, wissenschaftlichen Modellen | Verständnis von AIOps, DevOps und den Anforderungen für produktive KI-Systeme | Sehr gute Deutschkenntnisse;Machine Learning Engineer
16;Machine Learning Research Engineer;ETH Zürich;Oerlikon;Master’s degree or higher in Computer Science, Artificial Intelligence, or related field. | Proven experience in machine learning and neural network architectures. | Strong programming skills in Python and familiarity with PyTorch. | Experience with software development practices, including version control systems, debugging, testing, and deployment. | Excellent problem-solving abilities and strong analytical skills. | Ability to work effectively in a team as well as independently. | A stimulating academic environment at one of the world's leading technical universities | The opportunity to work with state-of-the-art supercomputing infrastructure and cutting-edge AI research | Collaboration with top researchers and engineers from ETH Zurich, EPFL, CSCS, and other Swiss institutions | Flexible working arrangements, including options for remote work | Professional development opportunities, including conference attendance and specialized training | The chance to contribute to open-source projects with global impact | Access to the broader Swiss academic ecosystem and industry partnerships | Being part of Switzerland's sovereign AI development, working on technology with national significance | CV/Resume | Cover letter explaining your interest and qualifications | Academic transcripts | Contact information for 2-3 references | Links to GitHub repositories or other examples of your programming work (if available);no skills found on this job ad;Machine Learning Engineer
17;Data Architect;ti&m AG;Zürich;Spannende und innovative Datenprojekte für unsere Kunden | Ein breites Spektrum an Aufgaben: Zusammen mit unseren Data – und Machine-Learning-Engineers entwickelst du komplexe Data-Processing-Pipelines in der Cloud oder on-Premise | Projektverantwortung: Du übernimmst Verantwortung für datengetriebene Beratungsmandate | Kundennähe: Du berätst unsere Kunden bei der Umsetzung von modernen Datenhaltunslösungen und bei der Technologiewahl | Inhaltliche Verantwortung für technologische Themenbereiche | Fortwährendes Lernen und stetige Weiterbildung sowie Einblicke in die verschiedenen Branchen unserer Kunden | Abwechslung und spannende Zusammenarbeit in internen Projektteams sowie vor Ort bei unseren Kunden;Abschluss an einer (Fach-)Hochschule im Bereich Informationstechnologie, Informatik, Wirtschaftsinformatik oder einem verwandten Gebiet | Mehr als 8 Jahre nachweisbare praktische Erfahrung in relevanten Projekten | Sehr gute Kenntnisse in SQL und Python | Fundierte Kenntnisse in relevanten Technologien wie Spark, Hive, Apache Iceberg, Airflow, Pandas, PySpark oder ähnlichen | Praktische Erfahrung mit ETL und ELT | Sehr gute Kenntnisse über Datenmodelle, insbesondere Data Vault | Praktische Erfahrung und sehr gute Kenntnisse mit Data Lakes und Data Lakehouses | Ein fundiertes Verständnis für Software Engineering | Sicheres Auftreten und ausgezeichnete Kommunikationsfähigkeiten | Praktische Erfahrung mit Daten-Technologien der führenden Cloud-Anbieter;Machine Learning Engineer
18;Data Architect - National Security;ti&m AG;Bern;Spannende und innovative Datenprojekte für unsere Kunden | Ein breites Spektrum an Aufgaben: Zusammen mit unseren Data – und Machine-Learning-Engineers entwickelst du komplexe Data-Processing-Pipelines in der Cloud oder on-Premise | Projektverantwortung: Du übernimmst Verantwortung für datengetriebene Beratungsmandate | Kundennähe: Du berätst unsere Kunden bei der Umsetzung von modernen Datenhaltunslösungen und bei der Technologiewahl | Inhaltliche Verantwortung für technologische Themenbereiche | Attraktive Weiterentwicklung – fachlich wie persönlich, ganz nach deinem Stil | Fortwährendes Lernen und stetige Weiterbildung sowie Einblicke in die verschiedenen Branchen unserer Kunden | Abwechslung und spannende Zusammenarbeit in internen Projektteams sowie vor Ort bei unseren Kunden;Abschluss an einer (Fach-)Hochschule im Bereich Informationstechnologie, Informatik, Wirtschaftsinformatik oder einem verwandten Gebiet | Mehr als 8 Jahre nachweisbare praktische Erfahrung in relevanten Projekten | Fundierte Kenntnisse in relevanten Technologien wie Spark, Hive, Apache Iceberg, Airflow, Pandas, PySpark oder ähnlichen | Praktische Erfahrung mit ETL und ELT | Sehr gute Kenntnisse über Datenmodelle, insbesondere Data Vault | Praktische Erfahrung und sehr gute Kenntnisse mit Data Lakes und Data Lakehouses | Ein fundiertes Verständnis für Software Engineering | Sicheres Auftreten und ausgezeichnete Kommunikationsfähigkeiten | Militärische Karriere als höherer Unteroffizier oder Offizier von Vorteil;Machine Learning Engineer
19;Computer Vision & Machine Learning Engineer100% - w/m/d;Besi Switzerland AG;Steinhausen;no tasks found on this job ad;no skills found on this job ad;Machine Learning Engineer
20;Machine Learning Scientist;lastminute.com group;Chiasso;Vollzeit | Abteilung: Technologie;Stellenbezeichnung - Machine Learning Wissenschaftler | Arbeitsmodell - hybrid in Chiasso | Team - Sie werden dem Strategic Analytics Team innerhalb der Technologieabteilung beitreten. | Level - Professional | Standort - Chiasso, Schweiz | Vertrag - Festanstellung - Vollzeit (36 Std./Woche);Machine Learning Engineer
21;Sensor Fusion Engineer;Daedalean AG;Zürich;Forschung, Analyse und Auswahl geeigneter Sensoren für unsere Produkte und Anwendungen. | Vorbereitung von Rohsensordaten für die Fusion, einschließlich Aufgaben wie Datenanpassung, Synchronisation, Kalibrierung, Rauschunterdrückung und Umgang mit Ausreißern, um die Datenkompatibilität und -qualität sicherzustellen. | Entwurf und Implementierung von Algorithmen, die Daten aus verschiedenen Sensormodalitäten (z. B. Kameras, Lidar, Radar, IMUs, GPS) integrieren, um eine einheitliche und robuste Wahrnehmung der Umgebung zu schaffen. Dies kann Techniken aus der Datenfusion, Signalverarbeitung und dem maschinellen Lernen umfassen. | Zusammenarbeit mit Hardware- und Softwareteams, um Sensoren und Sensorfusionsalgorithmen in unsere Prototypen und Produkte zu integrieren. | Test neuer Sensoren und Validierung von Sensorfusionsalgorithmen sowohl in simulierten Umgebungen als auch in realen Szenarien, um Genauigkeit, Zuverlässigkeit und Sicherheit zu gewährleisten.;Mindestens 2 Jahre praktische Erfahrung mit mindestens zwei der folgenden Sensortypen: Radar, Lidar, Kameras. | Fundierte Kenntnisse über verschiedene Sensortypen (Lidar, Radar, Kameras, IMUs, GPS), deren Funktionsprinzipien, Stärken, Schwächen und Datenmerkmale. | Gute Programmierkenntnisse in C++. | Erfahrung mit Sensorfusionsalgorithmen. | Master-Abschluss in Luft- und Raumfahrttechnik, Robotik, Elektrotechnik, Maschinenbau, Informatik oder einem verwandten technischen Bereich.;Machine Learning Engineer
22;Computer Vision Engineer;Daedalean AG;Zürich;Entwicklung und Implementierung von Computer-Vision-Algorithmen und Deep-Learning-Modellen für Lokalisierung und Kartierung, Objekterkennung und -verfolgung, Klassifikation, allgemeine Bildverarbeitung und verwandte Funktionen – sowie Analyse, Erweiterung und Verbesserung des bestehenden Codes und der Modelle. | Zusammenarbeit mit anderen Ingenieurteams (wie Flugtests, Hardware, Sensorfusion), um Computer-Vision-Lösungen in Prototypen und Produkte zu integrieren. | Testen und Bewerten der Leistung, Robustheit und Zuverlässigkeit von Computer-Vision-Systemen unter verschiedenen Bedingungen, um Genauigkeit, Zuverlässigkeit und Effizienz sicherzustellen. Dies kann sowohl simulierte als auch reale Umgebungen umfassen.;"Ausgezeichnete Programmierkenntnisse in C++; Erfahrung mit Rust ist von Vorteil. | Erfahrung mit Computer-Vision-Systemen, idealerweise sowohl mit klassischen Techniken als auch mit Deep-Learning-Methoden. | Praktische Erfahrung mit Tools wie OpenCV, PyTorch, TensorFlow. | Master- oder Doktorgrad in Computer Vision, Informatik, Robotik, Elektrotechnik oder einem verwandten technischen Bereich.";Machine Learning Engineer
23;Data Engineer (m/f/d);mimacom ag;Zürich;Aufbau skalierbarer Datenpipelines (ETL/ELT, Streaming) und semantischer BI-Schichten | Entwurf und Betrieb von Lakehouse-Architekturen | Entwicklung und Pflege von Dashboards und Analyseplattformen | Sicherstellung von Sicherheit, Skalierbarkeit und Überwachung unserer Dateninfrastruktur | Zusammenarbeit mit Experten aus den Bereichen Data Science, Machine Learning und Cloud Engineering;Erfahrung auf Senior-Level im Bereich Data Engineering & BI | Fundierte Kenntnisse mit Cloud-Plattformen (Databricks, AWS, Azure) | Praktische Erfahrung in Data Warehousing (Snowflake, Redshift, BigQuery) und Big Data-Technologien (Hadoop, Spark) | Kenntnisse in Python, R, SQL | Erfahrung mit ML-Frameworks (TensorFlow, PyTorch, Scikit-learn) | Vertrautheit mit IaC-Tools (Terraform, CloudFormation) sowie SQL- & NoSQL-Datenbanken | Sprachkenntnisse (mind. C1): Deutsch und Englisch | Universitätsabschluss in Informatik, Mathematik, Statistik, Wirtschaftsinformatik oder einem verwandten Fachgebiet;Machine Learning Engineer
24;Lead Engineer - Thermodynamic Thermal Simulation;Johnson Electric International AG;Switzerland (General);Arbeiten Sie mit modernsten Simulationswerkzeugen und KI-gesteuerten Ingenieurplattformen | Beeinflussen Sie das Design nachhaltiger Wärmesysteme mit Kältemitteln wie R744, R290 und R1234yf | Arbeiten Sie mit funktionsübergreifenden Teams in einer globalen, matrixorganisierten Organisation zusammen | Seien Sie Teil einer Kultur, die Experimentieren, Innovation und kontinuierliches Lernen schätzt | Tragen Sie zu wirkungsvollen Projekten bei, die die Zukunft der Mobilität und Energieeffizienz gestalten | Genießen Sie Möglichkeiten für Wachstum, Führung und technische Meisterschaft;Führen Sie thermodynamische Simulationen und virtuelle Tests über mehrere Kältemittelsysteme hinweg durch | Integrieren Sie KI- und Machine-Learning-Tools, um die Simulationsgenauigkeit und -leistung zu verbessern | Arbeiten Sie mit F&E-, Design- und Ingenieurteams zusammen, um die Systemarchitektur zu optimieren | Bereiten Sie technische Berichte und Dokumentationen vor, um Entscheidungen zur Produkt-Roadmap zu unterstützen | Erforschen Sie neue Technologien und schlagen Sie neue Methoden zur Effizienzsteigerung von Simulation und Design vor;Machine Learning Engineer
25;Cloud Platform Engineer (MLOps);SonarSource SA;Geneva;Collaborate with AI researchers and engineers to bridge the gap between research and production. | Manage research-friendly cloud environments that allow easy deployment and experimentation. | Deploy, manage, and monitor LLM/ML models in both cloud and on-premise environments, ensuring smooth integration into our research and production pipelines. | Support engineers in integrating ML models into production, ensuring a smooth handoff from research to product teams. | Automate ML workflows with CI/CD pipelines for model deployment and continuous integration. | Design and maintain flexible ML workflows to support rapid experimentation. | Enable fast iteration by setting up tools for model tracking, logging, and comparison (e.g., MLflow, DVC, Weights & Biases). | Optimize model inference for speed, efficiency, and scalability while balancing research flexibility. | Ensure AI models and experiments are reproducible by structuring model storage, versioning, and benchmarking practices.;Technical background with a university degree in Computer Science, software engineering or a related field. | Strong programming skills in Python. Proficiency in other languages such as Java is a plus. | Proficiency with DevOps/MLOps best practices, including CI/CD, version control (Git), docker and IaC. | Proficiency with AWS infrastructure, including EC2, S3, SageMaker and Bedrock. | Experience deploying ML models and LLMs in cloud environments and local environments. | Familiarity with distributed model training and model optimization. | Ability to build effective ML pipelines for research and development. | Experience with ML model lifecycle tools (e.g., MLflow, DVC, Weights & Biases). | Excellent problem-solving skills, with the ability to troubleshoot performance bottlenecks in ML pipelines. | Fluent in English, with the ability to communicate complex technical topics effectively.;Machine Learning Engineer
26;Bioinformatics Engineer (12 Month Contract);Sophia Genetics SA;Rolle;Koordination und Leitung der Aktivitäten der funktionsübergreifenden Pipeline-Integrations-Taskforce während jedes Release-Zyklus. Dies umfasst: | Durchführung der abschließenden Überprüfung der Data-Science-Entwicklungen | Genehmigung von Merge Requests und Stabilisierung von Branches | Testen des Pakets, das alle in SOPHiA DDM verfügbaren Pipelines enthält;Als primärer Ansprechpartner für die Data-Science-Abteilung fungieren und die Koordination sowie Kommunikation mit anderen am Release-Prozess beteiligten Abteilungen managen.;Machine Learning Engineer
27;Junior Survey Engineer (BE-GM-ASG-2025-171-GRAE);myScience;Geneva;Google Chrome | Microsoft Edge | Apple Safari | Mozilla Firefox;Full-time;Machine Learning Engineer
28;CI/CD Engineer & Consultant;Digital Architects Zurich GmbH;Zurich;Die Arbeit mit Kunden in Projekten, die Sie von Anfang bis Ende mitgestalten können | Ein abwechslungsreiches Tätigkeitsfeld als Spezialist mit Verantwortung für Beratung, Design und Entwicklung von Continuous Integration / Continuous Delivery (CI/CD) für kritische Anwendungen | Entwicklung von Lösungen mit der neuesten CI/CD-Technologie (Open Source oder kommerzielle Software) sowie Automatisierung, kontinuierliche Verifizierung mit maschinellem Lernen und Monitoring/Observability, in der Cloud und vor Ort | Zusammenarbeit und Unterstützung von Anwendungsentwicklern und -teams für die effiziente Einführung und Nutzung von CI/CD | Selbstständige Arbeit, auch Teilzeit (80-100%) | Ausbildung, Schulung und Möglichkeiten zur Mitgestaltung | Eintritt in ein hilfsbereites und kollegiales Umfeld;Ein Entwicklung- und Ingenieursgeist sowie die Fähigkeit, Wissen aus verschiedenen Bereichen anzuwenden, um die komplexen Probleme des zuverlässigen Betriebs von großangelegten Anwendungen zu lösen | Freude an technischen Details und Kundenkontakt | Erfahrung mit CI und/oder CD und verwandten Technologien: Jenkins, Harness, Gitlab, ArgoCD, Tekton, Terraform, … | Kenntnisse in Software Engineering (Java, JavaScript) und Skripting (Shell, Python) | Erfahrung mit Linux und Docker/Kubernetes als Benutzer, Administrator oder Ingenieur | Idealerweise Erfahrung mit Agile, DevOps, Site Reliability Engineering oder in einem ähnlichen Umfeld – was Sie nicht haben, bringen wir Ihnen bei! | Gute Deutsch- und Englischkenntnisse | Flexibilität für Einsätze bei verschiedenen Kunden in Zürich, Bern oder Basel | Teamgeist, Initiative, Verantwortung, kreatives und analytisches Denken | Wir setzen voraus, dass Sie bereits eine Aufenthalts- und Arbeitsgenehmigung für die Schweiz besitzen;Machine Learning Engineer
29;Observability & AIOps Engineer/Consultant;Digital Architects Zurich GmbH;Zurich;Arbeiten mit Kunden in Projekten, die Sie von Anfang bis Ende mitgestalten können | Vielfältiges Tätigkeitsfeld als Spezialist mit Verantwortung für Beratung, Design und Entwicklung von Observability & AIOps für kritische Anwendungen | Entwicklung von Lösungen mit der neuesten und führenden Observability & AIOps-Technologie (Open Source oder kommerzielle Software), Nutzung von maschinellem Lernen für unternehmensgerechte Automatisierung, in der Cloud und On-Premises | Zusammenarbeit und Unterstützung von Anwendungsentwicklern und -teams für die effiziente Einführung und Nutzung von Observability, Monitoring & AIOps | Selbstständige Arbeit, auch Teilzeit (80-100%) | Ausbildung, Schulung und Möglichkeiten zur Mitgestaltung | Teil eines hilfsbereiten und kollegialen Umfelds werden;Ein Entwicklungs- und Ingenieursgeist sowie die Fähigkeit, Wissen aus verschiedenen Bereichen anzuwenden, um die komplexen Probleme des zuverlässigen Betriebs von großangelegten Anwendungen zu lösen | Freude an technischen Details und Kundenkontakt | Ingenieur- oder Verwaltungserfahrung mit Monitoring-, APM-, Observability- oder AIOps-Lösungen: Splunk, SignalFX, Dynatrace, New Relic, Elastic, Datadog, IBM Instana, Cisco AppDynamics, … | Kenntnisse in Softwareentwicklung (Java, JavaScript) und Skripting (Shell, Python) | Erfahrung mit Linux und Docker/Kubernetes als Benutzer, Administrator oder Ingenieur | Idealerweise Erfahrung mit Agile, DevOps, Site Reliability Engineering oder in einem ähnlichen Umfeld – was Sie nicht haben, bringen wir Ihnen bei! | Gute Deutsch- und Englischkenntnisse | Flexibilität für Einsätze bei verschiedenen Kunden in Zürich, Bern oder Basel | Teamgeist, Initiative, Verantwortung, kreatives und analytisches Denken | Wir setzen voraus, dass Sie bereits eine Aufenthalts- und Arbeitsgenehmigung für die Schweiz besitzen;Machine Learning Engineer
30;Senior AI Engineer;Nexthink SA;Prilly;Full-time;Implement new AI features with high-quality coding standards and automated test coverage | Solve the engineering challenges behind data collection, retrieval, evaluation and inference at scale | Build and maintain CI/CD pipelines for AI components, ensuring safe, repeatable deployments | Instrument robust online/offline evaluation metrics and dashboards to monitor quality in production | Proactively propose new product capabilities or improvements based on user data and technology advances | Stay current with the rapidly evolving AI engineering ecosystem and share knowledge with the Nexthink community | Mentor junior engineers in best practices for shipping and operating AI features in production | Communicate effectively with (non-technical) stakeholders such as product managers and UX designers;Machine Learning Engineer
31;Second Level Service Engineer 80-100% - GF Machining Solutions SA;GF Machining Solutions SA;Meyrin;no tasks found on this job ad;no skills found on this job ad;Machine Learning Engineer
32;Transformers - Global Component Engineer- Insulation materials;Hitachi Energy AG;Zurich;Entwicklung und Pflege standardisierter Komponentenanforderungen zur Sicherstellung von Konsistenz und Qualität in allen Projekten. | Zusammenarbeit mit globalen Ingenieurteams zur Vereinheitlichung von Material-spezifikationen und Sicherstellung der Einhaltung von Industriestandards. | Definition und Steuerung der Materialstandardisierung für Spezifikationen und Größen innerhalb der Geschäftseinheit. | Klarstellung globaler Testmethoden für kritische Qualitätsparameter von Lieferantenbauteilen und -materialien. | Bereitstellung technischer Expertise für das Beschaffungsteam bei der Identifizierung und Bewertung von Kategoriesuppliern. | Unterstützung bei der Verhandlung technischer Anforderungen und Spezifikationen mit Lieferanten für optimale Qualität und Kosteneffizienz. | Funktion als technischer Experte im Komponentenengineering, Anleitung und Unterstützung von Projektteams. | Auf dem neuesten Stand der Entwicklungen in Komponenten-technologien und Materialien bleiben, um Innovationen voranzutreiben.;Bachelor- oder Masterabschluss in Materialwissenschaft, Ingenieurwesen, Metallurgie oder Chemieingenieurwesen oder einem verwandten Bereich, mit mindestens 5 Jahren Branchenerfahrung, oder eine Promotion mit 2-3 Jahren Erfahrung. | Bevorzugte Erfahrung in der Transformatorenindustrie und fundierter Hintergrund in der Lieferantentechnologieentwicklung. | Fortgeschrittene Kenntnisse im Komponentenengineering und Material-spezifikationen. | Nachgewiesene Fähigkeit zur Entwicklung und Implementierung standardisierter Lösungen für die Verwendung von Komponenten. | Vertrautheit mit SAP S/4Hana und Windchill ist von Vorteil. | Gutes Verständnis von Bauteilqualifizierungsprozessen, Qualitätsstandards und Praktiken im Komponentenengineering. | Ausgezeichnete Kommunikations- und Teamfähigkeiten mit nachgewiesener Fähigkeit zur effektiven Zusammenarbeit in funktionsübergreifenden Teams. | Verantwortlich für die Einhaltung der geltenden externen und internen Vorschriften, Verfahren und Richtlinien.;Machine Learning Engineer
33;Senior Data Engineer mit Flair für AI;ti&m AG;Bern;Entwicklung moderner Datenpipelines in der Cloud (Azure) oder on-prem | Aktive Mitarbeit an Projekten, die Daten und KI verbinden: von klassischem ML bis hin zu GenAI (RAG, Agentic AI, MCP) | Einsatz eines breiten Tech-Stacks: Python (PyTorch, scikit-learn, FastAPI, LangChain) ergänzt durch Tools wie Spark, Pandas und Airflow | Arbeit mit MLOps-Technologien wie Docker, Kubernetes, Terraform, MLflow oder Azure ML | Kundenkontakt von Workshops bis zur Umsetzung skalierbarer Lösungen | Abwechslungsreicher Alltag zwischen Datenanalyse, Architektur-Design und Implementierung | Zusammenarbeit in einem motivierten, offenen und unkomplizierten Team – professionell und unverkrampft | Raum für Weiterbildung sowie die Möglichkeit, Neues auszuprobieren und voneinander zu lernen;Studium (FH/Uni) in Informatik oder vergleichbare Weiterbildung | Mehrjährige Praxis in der Entwicklung von Datenpipelines | Sehr gute Kenntnisse in Python und im Umgang mit Datenframeworks (z. B. Pandas, Spark) | Erfahrung mit Cloud-Services, vorzugsweise Azure | Sicherer Umgang mit SQL-Datenbanken | Erste Erfahrungen mit Machine Learning oder GenAI (z. B. PyTorch, scikit-learn, LangChain) | Kenntnisse im Bereich MLOps (Docker, Kubernetes, Terraform, MLflow, Azure ML) sind hilfreich | Erfahrung mit Workflow-Tools wie Airflow oder Hive ist ein Vorteil | Vertrautheit mit CI/CD-Pipelines und GitOps rundet das Profil ab;Machine Learning Engineer
34;Rust Engineer - Data Interoperability (Remote EU);Ikerian AG;Bern;Schreiben von sauberem, wartbarem, testbarem und effizientem Code in der Programmiersprache Rust. | Zusammenarbeit und Förderung einer Kultur des Wissensaustauschs und Teamworks zur Entwicklung hochwertiger Software. | Unterstützung bei der Etablierung von Best Practices für Entwicklung, Test und Deployment. | Mentoring von Junior-Teammitgliedern, um deren Fähigkeiten zu fördern und effektive Beiträge zu ermöglichen. | Entwurf und Aufbau skalierbarer Lösungen unter Nutzung von RESTful APIs und Webservices.;Ein Master-Abschluss in Informatik, Computer Vision oder einem anderen relevanten Fach oder gleichwertige Berufserfahrung oder Open-Source-Erfahrung.;Machine Learning Engineer
35;Transformers - Global Component Engineer- Oil & Chemicals;Hitachi Energy AG;Zurich;no tasks found on this job ad;no skills found on this job ad;Machine Learning Engineer
36;Machine Learning Developer (EP-CMG-OS-2025-154-GRAP);myScience;Geneva;"Google Chrome | Microsoft Edge | Apple Safari | Mozilla Firefox | a Master’s degree with 2 to 6 years of post-graduation professional experience; | or a PhD with no more than 3 years of post-graduation professional experience.";Full-time;Machine Learning Engineer
37;Machine Learning Developer (EP-CMG-OS-2025-154-GRAP);CERN European Organization for Nuclear Research;Geneva;"Entwicklung eines innovativen selbstüberwachten, physik-informierten Machine Learning-Ansatzes für eine schnelle und robuste Interpretation von Kollisionsereignissen (z.B. Klassifikation, Regression, Anomalieerkennung) im CMS Phase-2 L1 Trigger. | Reduzierung der L1-Scouting-Datensatzgröße durch intelligente Datenkompression bei gleichzeitiger Erhaltung der physikalischen Aussagekraft. | Statistische Interpretation von Ausreißer-Kollisionsereignissen, die 2025 vom CMS mit einem Anomalieerkennungs-Trigger basierend auf Autoencodern gesammelt werden. | Effektive Zusammenarbeit im Team, einschließlich Kollegen an den CERN-Kooperationsinstituten. | Präsentation der Arbeit auf Konferenzen/Workshops am CERN und externen Veranstaltungsorten. | einen Masterabschluss mit 2 bis 6 Jahren Berufserfahrung nach dem Abschluss; | oder eine Promotion mit nicht mehr als 3 Jahren Berufserfahrung nach dem Abschluss. | Bereitschaftsdienst, wenn von der Organisation benötigt. | Arbeit nachts, an Sonntagen und offiziellen Feiertagen, wenn von der Organisation benötigt.";"Fortgeschrittene Kenntnisse in Machine Learning-Algorithmen (boosted decision trees, neuronale Netze) einschließlich Fast Machine Learning; | Kenntnisse und Anwendung von physikalischen Analysemethoden; | Trigger- und Datenerfassungssysteme, deren Hardware und zugehörige Werkzeuge; | Software-Entwicklungsplattformen (z.B. github, gitlab) und Continuous Integration; | Grundkenntnisse und Anwendung der FPGA-Programmierung einschließlich Hardware Description Languages und High Level Synthesis; | Gesprochene und schriftliche Englischkenntnisse mit der Bereitschaft, Französisch zu lernen. | Ein monatliches Stipendium zwischen 6287 und 6911 Schweizer Franken pro Monat (netto). | Abdeckung durch das umfassende Gesundheitssystem des CERN (für Sie, Ihren Ehepartner und Ihre Kinder) sowie Mitgliedschaft im CERN Altersvorsorgefonds. | Je nach individueller Situation: Installationszuschuss; Familien-, Kinder- und Säuglingszulagen; Erstattung der Reisekosten zu Beginn und Ende des Vertrags. | 30 Tage bezahlter Urlaub pro Jahr. | On-the-Job- und formale Schulungen am CERN sowie interne Sprachkurse für Englisch und/oder Französisch.";Machine Learning Engineer
38;Machine Learning Scientist (AI for Code);SonarSource SA;Geneva;Führen Sie Forschung & Innovation an: Bleiben Sie am Puls der Zeit in den Bereichen ML, Deep Learning und LLMs, insbesondere deren Anwendung im Softwareentwicklungszyklus (SDLC), und identifizieren Sie neuartige Möglichkeiten zur Verbesserung unserer Produkte. | Entwickeln Sie fortschrittliche KI-Modelle: Entwerfen, prototypisieren und validieren Sie neuartige ML-Modelle, die komplexe Fehler, Schwachstellen und Code-Gerüche erkennen und beheben, die über die Fähigkeiten traditioneller statischer Analysen hinausgehen. | Erstellen Sie LLM-basierte Funktionen: Entwickeln und implementieren Sie fortschrittliche LLM-basierte Lösungen, einschließlich Retrieval-Augmented Generation (RAG) für kontextuelle Code-Analyse, Feinabstimmung von Modellen auf proprietären Codebasen und Erforschung agentischer Systeme für automatisierte Code-Korrekturen. | Entwickeln Sie Datenpipelines: Erstellen und verwalten Sie robuste Datenpipelines, um massive, codezentrierte Datensätze zu sammeln, zu verarbeiten und zu versionieren, die für das Training und die Evaluierung spezialisierter Modelle im großen Maßstab erforderlich sind. | Übersetzen Sie Prototypen in Produkte: Arbeiten Sie eng mit den Engineering- und Produktteams zusammen, um erfolgreiche ML-Prototypen in Sonars hochmoderne Produkte zu integrieren und sicherzustellen, dass sie den Bedürfnissen unserer globalen Nutzerbasis entsprechen. | Kommunizieren und evangelisieren Sie: Erklären und dokumentieren Sie komplexe technische Konzepte und Forschungsergebnisse klar für technische und nicht-technische Stakeholder.;Ein fortgeschrittener akademischer Hintergrund (Master oder PhD) in Informatik, Machine Learning oder einem verwandten quantitativen Fachgebiet. | Starke Branchenerfahrung im Bereich Machine Learning mit fundiertem Verständnis moderner Softwareentwicklungsmethoden und -werkzeuge. | Solide Programmierkenntnisse in Python und praktische Erfahrung mit Kern-ML/DL-Frameworks (z. B. PyTorch, TensorFlow, Hugging Face). Kenntnisse in Java sind von Vorteil. | Nachgewiesene Erfahrung in angewandtem Machine Learning mit starkem Fokus auf Natural Language Processing (NLP) oder idealerweise Programming Language Processing (PLP). | Praktische Erfahrung mit modernen LLM-Architekturen und -Techniken, wie Feinabstimmungsstrategien (z. B. LoRA, QLoRA), fortgeschrittenem Prompt Engineering, Aufbau und Optimierung von Retrieval-Augmented Generation (RAG)-Pipelines sowie Arbeit mit Vektordatenbanken und semantischer Suche. | Erfahrung mit großskaligen Datenverarbeitungs-Frameworks und Cloud-Infrastruktur (z. B. AWS). | Erfahrung in der eigenständigen Durchführung von Forschungsprojekten von der ersten Idee bis zu einem nachweisbaren Prototyp. | Ausgezeichnete Kommunikationsfähigkeiten in Englisch und Talent, komplexe wissenschaftliche Themen klar und prägnant zu erklären.;Machine Learning Engineer
39;Student Internship: ML Engineer - Data, Machine Learning & AI (m/f/d);Endress+Hauser;Reinach BL;Mit Produkt- und Engineering-Teams zusammenarbeiten, um Datenanforderungen zu verstehen und zu KI-gesteuerten Funktionen beizutragen | Bei der Gestaltung und Entwicklung von Modellen des maschinellen Lernens für vielfältige Anwendungen in der Prozessautomatisierung unterstützen | Daten sammeln, vorverarbeiten und analysieren, um Modelle zu trainieren und zu bewerten | Zur Entwicklung skalierbarer Datenpipelines und APIs für KI-Anwendungen beitragen | An Code-Reviews, agilen Entwicklungsprozessen und Teamdiskussionen teilnehmen | Mit modernen KI-Frameworks und Bibliotheken wie TensorFlow, PyTorch oder LangGraph experimentieren | Ihre Arbeit dokumentieren und Erkenntnisse mit dem Team teilen, um Lernen und Innovation zu fördern;"Studieren derzeit einen Bachelor- oder Masterstudiengang in Informatik, Data Science, KI oder einem verwandten Bereich | Haben großes Interesse an angewandtem maschinellen Lernen, Datenengineering und KI-Technologien wie LLMs und autonomen Agenten | Verfügen über grundlegende Programmierkenntnisse in Python; Erfahrung mit Bibliotheken wie NumPy, pandas oder scikit-learn ist von Vorteil | Verstehen grundlegende ML-Konzepte wie überwachtes Lernen, Modellevaluation und Feature Engineering | Haben erste Erfahrungen mit Cloud-Plattformen (z. B. Azure, AWS, GCP) oder Versionskontrollsystemen (z. B. Git) | Kommunizieren gut auf Englisch; Deutschkenntnisse sind von Vorteil | Sind neugierig, proaktiv und lernbereit in einem kollaborativen Umfeld";Machine Learning Engineer
40;Working Student - Reinforced Learning Environments (40% FTE+);Daedalean AG;Zürich;Forschung und Entwicklung von Verstärkungslern-Umgebungen für Missionsplanung und Optimierung. | Implementierung von Verstärkungslern-Algorithmen: Anwendung und Test von Algorithmen zur Verbesserung der Entscheidungsfindung in simulierten Umgebungen. | Durchführung von Experimenten und Analyse der Ergebnisse: Durchführung von Simulationen, Datensammlung und Bewertung der Wirksamkeit verschiedener Ansätze. | Dokumentation und Weitergabe der Ergebnisse: Erstellung klarer Dokumentationen und Berichte über deine Arbeit und Ergebnisse.;Erfahrung mit Python, C++ oder MATLAB ist von Vorteil. | Interesse an KI und maschinellem Lernen: Fortgeschrittene Kenntnisse oder Kurse in Verstärkungslernen, maschinellem Lernen oder verwandten Bereichen. | Interesse an Computerspielen. | Studium der Robotik, Informatik oder eines verwandten technischen Fachgebiets.;Machine Learning Engineer
41;Senior AI Systems Engineer (m/w/d);Rocken®;Zürich;Entwicklung von KI- und Machine-Learning-Anwendungen sowie Aufbau von RAG-Systemen und agentenbasierten KI-Workflows | Optimierung der Bereitstellung von LLMs und Skalierung von Training und Inferenz auf GPU-Clustern mit Kubernetes und AIOps-Tools | Überführung von Prototypen aus Forschung und Entwicklung in stabile Produktionssysteme | Erforschung, Evaluation und Umsetzung neuer Methoden und Technologien zur Weiterentwicklung der KI- und ML-Landschaft bei Viseca | Verbesserung interner AIOps-Praktiken und Workflows | Betreuung und Weiterentwicklung der internen KI-Infrastrukturen und Tools;Mindestens 4 Jahre Erfahrung in der Entwicklung und Wartung von ML-Systemen (Promotion anrechenbar) | Erfahrung mit komplexen, rechnergestützten, wissenschaftlichen Modellen | Verständnis von AIOps, DevOps und den Anforderungen für produktive KI-Systeme | Sehr gute Python-Kenntnisse | Gute Kenntnisse im Umgang mit Linux | Sehr gute Deutschkenntnisse;Machine Learning Engineer
42;Teamlead Application Engineer Lubricants 100% (w/m/d);Maagtechnic AG;Dübendorf;Du übernimmst die fachliche und personelle Führung eines motivierten Teams und entwickelst deine Mitarbeitenden gezielt weiter – individuell und als Einheit | Gemeinsam mit dem Führungsteam deiner Business Unit entwickelst und setzt du die strategische Ausrichtung des Geschäftsbereichs um | Du verantwortest die strategische Abstimmung mit unseren Key-Partnern und gehst neue Kooperationen mit dem Ziel nachhaltigen Wachstums ein | Du entwickelst Wachstumspläne und behältst KPIs wie Umsatz und Trading Profit im Blick | Für Budget, Marketing- und Verkaufsaktivitäten in der Business Unit Lubricants trägst du die volle Verantwortung | Du betreust unsere bestehenden Key Accounts und entwickelst sie weiter – und gewinnst neue Kunden und Projekte, die unser Geschäft nachhaltig stärken | Du entwickelst smarte Gesprächsstrategien und setzt Verkaufs- und Marketingstrategien gekonnt um | Du arbeitest eng mit Technik, Vertriebsinnendienst, Produktmanagement und Marketing zusammen – für ein optimales Kundenerlebnis | Du denkst geschäftsbereichsübergreifend, erkennst Opportunitäten und nutzt sie für Up- und Cross-Selling Aktivitäten | Du bist rund 50–70 % deiner Zeit unterwegs, nah am Markt und bei unseren Kunden;Du verfügst über eine technische Grundausbildung, ergänzt durch eine betriebswirtschaftliche Weiterbildung und mehrjährige Erfahrung im Key Account Management | Mit Führungserfahrung und Leadership Kompetenzen führst du mit Klarheit, Energie und Empathie – entwickelst Talente, baust Vertrauen auf und bringst dein Team voran | Du bist eine echte Verkaufspersönlichkeit mit Passion für eine nachhaltige Geschäftsentwicklung | Du denkst unternehmerisch, analysierst mit Weitblick und entwickelst durchdachte Verkaufsstrategien, um nachhaltiges Wachstum gezielt zu steuern | Du bist kommunikationsstark, bewegst dich souverän auf allen Ebenen und bringst Ideen verständlich und überzeugend rüber | Mit deiner positiven Energie, deinem Innovationsgeist und deiner Macher*innen-Mentalität bringst du frische Ideen ein und treibst Themen mit Begeisterung voran | Du beherrschst Excel wie ein Profi, fühlst dich mit Zahlen wohl und erstellst überzeugende Präsentationen in PowerPoint | Erfahrung mit SAP ist ein Plus | Sehr gute Deutsch- und Englischkenntnisse runden dein Profil ab;Machine Learning Engineer
43;Simulation Engineer;Daedalean AG;Zürich;Softwareentwicklung, in Rust oder  C++. | Kubernetes und Datenverarbeitungspipelines. | Computergrafik und mindestens einem der folgenden Bereiche: | Maschinelles Lernen, | Computer Vision, | Blender oder anderen 3D-Computergrafik-Toolkits.;Ein Team erfahrener Ingenieure und Forscher, die von den renommiertesten Unternehmen und Institutionen zu uns gekommen sind. | Herausfordernde und interessante Probleme zu lösen. | Hybrides Arbeitsumfeld. | Budget für Lernen & Entwicklung: Besuche Konferenzen deiner Wahl. | Fitnessstudio-Mitgliedschaft.;Machine Learning Engineer
44;Process Software Modeling Engineer;Casale SA;Lugano;no tasks found on this job ad;no skills found on this job ad;Machine Learning Engineer
45;AI/ML Engineer (IT-CA-OSI-2025-191-GRAE);CERN European Organization for Nuclear Research;Geneva;"Expertise im maschinellen Lernen: Erfahrung in der Bewertung von Modellen zur Textextraktion, Klassifikation und Informationsabruf sowie praktische Kenntnisse im Einsatz, der Integration und Optimierung von Open-Source-LLMs. | Softwareentwicklung: starke Programmierkenntnisse in Python und Erfahrung mit Open-Source-ML/AI-Agent-Frameworks. | Datenverarbeitung & Pipelines: Fähigkeit, skalierbare Datenpipelines zu entwerfen und mit heterogenen Datensätzen zu arbeiten. | Infrastruktur & Bereitstellung: Vertrautheit mit containerisierten Umgebungen (Docker, Kubernetes/OpenShift) und Bereitstellungsautomatisierung (Helm-Charts). | Kommunikations- und Kollaborationsfähigkeiten: Fähigkeit, klar zu kommunizieren, in multidisziplinären Teams zu arbeiten und zu Open-Source-Projekten beizutragen. | Gesprochene und geschriebene Englischkenntnisse mit der Bereitschaft, Französisch zu lernen. | Ein monatliches Stipendium zwischen 5196 und 5716 Schweizer Franken (netto). | Absicherung durch das umfassende Gesundheitssystem von CERN (für Sie, Ihren Ehepartner und Ihre Kinder) sowie Mitgliedschaft im CERN-Altersvorsorgefonds. | Je nach individueller Situation: Umzugskostenbeihilfe; Familien-, Kinder- und Säuglingszulagen; Erstattung der Reisekosten zu Beginn und Ende des Vertrags. | 30 Tage bezahlter Urlaub pro Jahr. | On-the-Job- und formale Schulungen bei CERN sowie interne Sprachkurse für Englisch und/oder Französisch.";"Sie sind Staatsangehöriger eines CERN-Mitglieds- oder assoziierten Mitgliedsstaates
. | Bis zum Bewerbungsschluss verfügen Sie über maximal zwei Jahre Berufserfahrung seit dem Abschluss in Softwareentwicklung und Datenwissenschaft (oder einem verwandten Bereich) und Ihre höchste Ausbildung ist entweder ein Bachelor- oder Masterabschluss. | Sie hatten noch nie einen CERN-Stipendiaten- oder Absolventenvertrag. | Bewerber ohne Universitätsabschluss sind nicht zugelassen. | Bewerber mit einer Promotion sind nicht zugelassen.";Machine Learning Engineer
46;Hardware Engineer;Daedalean AG;Zürich;Entwurf und Entwicklung von digitalen und analogen Schaltungen, Leiterplatten und FPGAs einschließlich Stromversorgung, Sensoren, Servos, Motorsteuergeräten und RF-Design | Schaltungsanalyse und Verifikation in der Praxis – am Labortisch und in der Luft. Praktische Beteiligung an allen Phasen der Prototyp- und Produktentwicklung, von Design und Validierung bis zur Implementierung und Prüfung. | Entwurf und Implementierung von Kommunikationslösungen zwischen und innerhalb von Systemen (z. B. Integration von Systemen über CAN, UART, USB, I2C, SPI, SSI, RS-232, RS-485, ARINC-429, MIL-STD-1553 usw.). | Pflege der Beziehungen zu internen Stakeholdern und externen Hardwarepartnern. | Erstellung und Zusammenstellung von Dokumenten;Mehr als 3 Jahre Berufserfahrung im Hardware-Design. Erfahrung im Bereich Luft- und Raumfahrt. | Erfahrung im Design für EMV. | Erfahrung mit komplexen SoC-Designs ist von Vorteil. | Master-Abschluss in Elektrotechnik (EE), Elektrotechnik und Informatik (ECE) oder gleichwertige praktische Erfahrung. | Gutes Verständnis von Computern und Programmiersprachen (mindestens C/C++, Python, Skripting). | Fähigkeit, selbstständig zu arbeiten und Ziele zu erreichen.;Machine Learning Engineer
47;R&D Power Semiconductor Chip Engineer 80 – 100% (f/m/d);Hitachi Energy AG;Lenzburg;Entwicklung von Leistungshalbleiterchips der nächsten Generation vom Konzept bis zum Endprodukt, Optimierung hinsichtlich Leistung, Herstellbarkeit und Kosten | Leitung von Produktentwicklungsprojekten oder Arbeitspaketen unter Sicherstellung der Ausrichtung an strategischen Zielen | Zusammenarbeit mit Prozessspezialisten der Einheit von frühen Designphasen an, um robuste, skalierbare Prozessanforderungen zu definieren, die Ertragsziele und Hochlaufpläne unterstützen | Interdisziplinäre Zusammenarbeit mit Chip-Designern, F&E-Modulteams, Produktmanagern, Prozessingenieuren, Lieferanten sowie Qualitäts- und Zuverlässigkeitsexperten, um nahtlose Technologie- und Produktfreigaben sicherzustellen | Ausgeprägter Antrieb für kontinuierliches Lernen und systemisches Verständnis sowie Weitergabe dieses Wissens zur Stärkung des gesamten Projektteams;Master oder Promotion in Physik, Elektrotechnik oder einem ähnlichen Bereich, idealerweise mit Spezialisierung im Bereich Leistungshalbleitergerätetechnologie | Berufserfahrung in Design/Produkt-/Technologieentwicklung (IGBT, MOSFET, Diode), idealerweise im Bereich Leistungshalbleiter | Kenntnisse in der Halbleiterprozessintegration und Erfahrung im Umgang mit Maskenlayout-Tools sind von Vorteil | Fundierte Kenntnisse der Halbleitergerätphysik, des Designs, der Funktionalität, der Eigenschaften und der Prozesse | Erfahrung mit relevanten Simulationsmethoden und -tools wie TCAD | Selbstmotivierte Person, die Leistung, Qualität und nachhaltige Beziehungen in unserem Team und mit verschiedenen Stakeholdern anstrebt | Englischkenntnisse mit starken Kommunikations- und Präsentationsfähigkeiten;Machine Learning Engineer
48;Mechanical Fabrication Engineer (EN-MME-MA-2025-136-GRAP);myScience;Geneva;Google Chrome | Microsoft Edge | Apple Safari | Mozilla Firefox;Full-time;Machine Learning Engineer
49;Software Engineer (Framework Developer);Evatec AG;Trübbach;no tasks found on this job ad;no skills found on this job ad;Machine Learning Engineer
50;Security Engineer;Zühlke Engineering AG;Schlieren;Sie übernehmen Verantwortung in Kundenprojekten in den unterschiedlichsten Branchen (Definition der methodischen Vorgehensweise, Entwicklung von Use Cases mit Kunden, Beratung der Kunden zu technischen Themen sowie Präsentation und Erklärung der Ergebnisse). | Dank Ihrer Leidenschaft begeistern Sie unsere Kunden für das Thema Cybersicherheit. | Sie entwickeln Machine-Learning-Lösungen: Datenaufbereitung, Modellierung, Methodenauswahl, Bewertung, Implementierung. | Sie bewerten die technische und wirtschaftliche Machbarkeit von Cybersicherheitslösungen. | Sie tragen zur Weiterentwicklung unserer Cybersecurity-Praxis bei und unterstützen aktiv die Akquise von Kundenprojekten. | Sie verfügen über einen Bachelor- oder Masterabschluss (FH, ETH, Uni) in Informatik oder eine vergleichbare Ausbildung (z. B. Mathematik). | Sie haben Erfahrung in ähnlichen Rollen in mittelgroßen bis großen Lösungsprojekten oder bereits durch Ihre Begeisterung für Cybersicherheit Erfahrung gesammelt. | Ihre Leidenschaft für Cybersicherheit zeichnet Sie aus | Sie finden ein gutes Gleichgewicht zwischen Effizienz und Qualität in Projekten. | Dank Ihrer offenen und kommunikativen Persönlichkeit fühlen Sie sich in interdisziplinären Teams wohl und können kundenorientiert arbeiten – von der Idee bis zur erfolgreichen Umsetzung einer Lösung. | Deutschkenntnisse sind erforderlich. Sehr gute Englischkenntnisse runden Ihr Profil ab. | Work-Life-Blending: Wir bieten einen sicheren und gesunden Arbeitsplatz mit flexiblen Arbeitszeiten und der Möglichkeit, von zu Hause aus zu arbeiten. | Gewinnbeteiligung: Zusätzlich zu Ihrem Jahresgehalt können Sie eine Gewinnbeteiligung erhalten, die am Erfolg des Unternehmens im Vorjahr bemessen wird. | Globale und vielfältige Zühlke-Community: Erleben Sie, wie Kollegen aus all unseren 16 Büros weltweit zusammenkommen, um eine einzigartige, positive und inklusive Arbeitskultur zu schaffen, voneinander bei jährlichen Teamcamps zu lernen und Jahresendfeiern sowie andere lokale Festlichkeiten zu feiern. | Engagement für Entwicklung: Wir engagieren uns für das Wachstum unserer Mitarbeiter und investieren in Ihre Entwicklung. Wir befähigen Sie, die Fähigkeiten aufzubauen, die Sie benötigen, um heute und in Zukunft sowohl persönlich als auch für unsere Kunden einen positiven Einfluss zu haben.;no skills found on this job ad;Machine Learning Engineer
